,Census year,Block ID,Property ID,Base property ID,Street address,CLUE small area,Trading name,Number of patrons,x,y,January_Popular_Score,February_Popular_Score,March_Popular_Score,April_Popular_Score,May_Popular_Score,June_Popular_Score,July_Popular_Score,August_Popular_Score,September_Popular_Score,October_Popular_Score,November_Popular_Score,December_Popular_Score
0,2019,204,101613,101613,377-391 Cardigan Street CARLTON 3053,Carlton,Clyde Hotel,239,144.96575,-37.79726,125.047,168.668,309.331,229.399,263.692,137.885,164.986,279.777,214.799,205.87,163.928,122.443
1,2019,207,106153,106153,331-335 Lygon Street CARLTON 3053,Carlton,Wolfs Lair,80,144.96717,-37.79751,101.123,138.422,254.36,187.371,213.968,110.427,133.874,228.344,175.433,168.018,133.943,98.853
2,2019,214,106186,106186,414-422 Lygon Street CARLTON 3053,Carlton,Green Man's Arms,120,144.96781,-37.79695,78.908,110.047,204.731,149.821,171.388,86.507,105.834,183.285,140.172,133.692,105.838,76.608
3,2019,215,108202,108202,415-421 Rathdowne Street CARLTON 3053,Carlton,The Beaufort,66,144.97043,-37.79652,83.415,79.869,98.8,86.349,92.446,74.88,75.975,89.734,81.756,88.019,82.688,78.85
4,2019,216,102714,102714,350-352 Drummond Street CARLTON 3053,Carlton,Eva on Drummond,70,144.96927,-37.79771,111.563,106.594,131.31,114.914,122.706,99.924,101.377,119.178,108.864,117.371,110.529,105.729
5,2019,218,106215,106215,298 Lygon Street CARLTON 3053,Carlton,Carlton Yacht Club Bar,46,144.96738,-37.79999,91.86,120.769,238.378,185.136,235.996,123.494,133.539,234.348,170.786,159.343,115.479,81.577
6,2019,228,101450,101450,223-227 Canning Street CARLTON 3053,Carlton,Dan O'Connell Hotel,100,144.97339,-37.79303,48.693,46.64,57.718,50.423,54.004,43.687,44.323,52.4,47.733,51.381,48.251,45.962
7,2019,247,106238,106238,192-202 Lygon Street CARLTON 3053,Carlton,Players On Lygon,200,144.9671,-37.80247,95.216,119.76,195.457,158.649,170.011,104.628,115.966,180.938,153.28,155.619,121.949,92.35
8,2019,252,106244,106244,160-162 Lygon Street CARLTON 3053,Carlton,Vodka Temple,200,144.96677,-37.80344,103.68,135.545,231.803,173.695,186.174,103.307,125.809,203.131,164.728,162.987,134.897,103.262
9,2019,255,101593,101593,91-95 Cardigan Street CARLTON 3053,Carlton,Hotel Lincoln,154,144.96451,-37.80449,151.85,141.878,163.856,146.14,147.971,128.467,130.753,139.82,138.793,153.903,151.482,145.907
10,2019,260,103276,103276,614-616 Elizabeth Street MELBOURNE 3000,Carlton,The Last Jar,250,144.95891,-37.80388,65.841,88.04,146.612,123.579,134.18,81.188,89.637,142.04,121.648,123.529,88.355,61.96
11,2019,266,106081,106081,27-31 Lygon Street CARLTON 3053,Carlton,The Curtin,350,144.9657,-37.8062,88.108,100.744,141.548,129.746,104.922,85.609,100.018,117.079,106.096,116.756,108.031,97.931
12,2019,268,108154,108153,49 Rathdowne Street CARLTON 3053,Carlton,Epocha Restaurant,124,144.96856,-37.80577,0.0,0.0,0.0,0.0,0.0,0.0,201.077,269.872,219.384,242.678,172.801,141.349
13,2019,1101,108973,108973,85-161 Spencer Street DOCKLANDS 3008,Docklands,Network Public Bar & Pizzeria,325,144.9522,-37.81843,951.833,1023.106,1120.741,1029.105,1138.267,1002.863,1147.243,1154.631,1008.199,1126.418,1077.895,971.282
14,2019,1103,558180,558180,122-148 Harbour Esplanade DOCKLANDS 3008,Docklands,E J Whitten Bar,70,144.94747,-37.81649,307.946,364.208,356.367,323.227,396.768,346.89,392.121,391.032,333.339,381.585,332.584,279.574
15,2019,1103,558180,558180,122-148 Harbour Esplanade DOCKLANDS 3008,Docklands,Locker Room Club Bar,500,144.94747,-37.81649,307.946,364.208,356.367,323.227,396.768,346.89,392.121,391.032,333.339,381.585,332.584,279.574
16,2019,1103,558180,558180,122-148 Harbour Esplanade DOCKLANDS 3008,Docklands,The Medallion Club,5000,144.94747,-37.81649,307.946,364.208,356.367,323.227,396.768,346.89,392.121,391.032,333.339,381.585,332.584,279.574
17,2019,1103,558180,558180,122-148 Harbour Esplanade DOCKLANDS 3008,Docklands,Legends Bar,250,144.94747,-37.81649,307.946,364.208,356.367,323.227,396.768,346.89,392.121,391.032,333.339,381.585,332.584,279.574
18,2019,1104,576024,576023,747-757 Bourke Street DOCKLANDS 3008,Docklands,The Nixon Hotel,300,144.94781,-37.81918,225.717,259.394,262.124,239.32,274.598,243.013,280.193,276.289,238.315,205.423,235.053,210.01
19,2019,1105,628712,628712,717-731 Collins Street DOCKLANDS 3008,Docklands,Bar Nicional,75,144.95008,-37.82071,163.455,179.028,186.168,173.892,184.161,168.395,193.54,189.15,162.744,108.233,163.399,156.295
20,2019,1105,640970,640970,14-24 Batmans Hill Drive DOCKLANDS 3008,Docklands,Hightail,900,144.94986,-37.82129,323.518,466.295,495.612,396.799,411.839,416.593,551.409,578.085,341.288,351.451,378.789,273.12
21,2019,1108,604125,604125,143-175 Harbour Esplanade DOCKLANDS 3008,Docklands,Mama Rumaan,60,144.94363,-37.8165,221.222,314.574,332.111,267.53,275.058,281.208,369.986,388.25,227.373,238.174,254.569,184.65
22,2019,1108,604125,604125,143-175 Harbour Esplanade DOCKLANDS 3008,Docklands,Alumbra,690,144.94363,-37.8165,221.222,314.574,332.111,267.53,275.058,281.208,369.986,388.25,227.373,238.174,254.569,184.65
23,2019,1109,560004,560004,24-42 Newquay Promenade DOCKLANDS 3008,Docklands,Solidaire Victoria,321,144.94217,-37.81436,174.81,241.663,253.256,206.247,208.836,216.205,279.692,293.067,172.067,182.173,194.918,145.129
24,2019,1109,601809,593728,425-427 Docklands Drive DOCKLANDS 3008,Docklands,Waterfront Venues Melbourne,1059,144.93921,-37.81504,139.135,191.782,200.896,163.847,165.749,171.7,221.697,232.236,136.522,144.732,154.791,115.597
25,2019,1110,593739,593739,99-127 Pearl River Road DOCKLANDS 3008,Docklands,Igloo Cafe & St Moritz Bar,100,144.93565,-37.81214,92.775,131.733,139.704,112.468,114.696,117.925,154.538,162.145,94.459,99.463,106.67,77.997
26,2019,1112,103982,103982,705-729 Flinders Street DOCKLANDS 3008,Docklands,The Flying Angel Club,200,144.95134,-37.82247,213.421,224.43,242.159,216.881,239.452,169.953,191.661,192.495,151.251,323.778,249.767,271.628
27,2019,131,108844,108844,1-5 Spencer Street DOCKLANDS 3008,Docklands,Crown Plaza,60,144.95501,-37.82267,411.977,473.881,478.21,431.696,534.08,436.952,506.781,506.305,453.914,533.678,464.022,404.852
28,2019,613,595153,109643,166 Albert Street EAST MELBOURNE 3002,East Melbourne,Cohen Cellars Wine Bar,40,144.98562,-37.81005,36.778,41.391,43.349,42.315,43.023,35.578,44.198,49.652,42.571,40.193,40.314,36.81
29,2019,658,110266,110266,120 Brunton Avenue EAST MELBOURNE 3002,East Melbourne,Spotless Services,2800,144.98316,-37.82,83.213,78.778,85.039,83.801,99.487,84.045,99.18,111.587,90.058,40.478,103.561,85.803
30,2019,14,101099,101099,16-26 Bond Street MELBOURNE 3000,Melbourne (CBD),Bond Bar,500,144.96306,-37.81815,1108.376,1143.154,1210.889,1078.086,1173.35,1062.91,1162.025,1185.206,1127.962,1291.048,1231.341,1310.98
31,2019,14,103165,103165,1-5 Elizabeth Street MELBOURNE 3000,Melbourne (CBD),Dreams Gentlemen's Club,160,144.96461,-37.81806,0.0,0.0,0.0,0.0,0.0,0.0,0.0,0.0,0.0,1438.968,1545.047,1954.442
32,2019,14,103172,103172,31-39 Elizabeth Street MELBOURNE 3000,Melbourne (CBD),The Joint Bar,329,144.96433,-37.81742,0.0,0.0,0.0,0.0,0.0,0.0,0.0,0.0,0.0,1327.267,1469.875,1868.234
33,2019,14,103946,103946,313-315 Flinders Lane MELBOURNE 3000,Melbourne (CBD),Randy Dragon,100,144.96385,-37.81764,579.305,587.164,668.409,654.66,652.562,608.25,676.881,674.978,640.998,710.031,707.432,807.667
34,2019,14,103950,103950,335-339 Flinders Lane MELBOURNE 3000,Melbourne (CBD),Bartronica,200,144.96323,-37.81785,623.752,649.949,616.683,641.097,672.889,612.031,670.032,683.907,565.334,712.239,579.293,627.038
35,2019,14,104003,104003,2-8 Queen Street MELBOURNE 3000,Melbourne (CBD),Candela Nuevo,300,144.96271,-37.81859,435.824,518.098,594.851,535.005,580.222,517.424,572.886,584.73,549.681,623.243,593.087,593.885
36,2019,15,103944,103944,277-279 Flinders Lane MELBOURNE 3000,Melbourne (CBD),The Mill House Bar,400,144.9653,-37.81724,683.893,650.653,722.527,930.211,848.848,921.964,1036.556,1128.99,911.887,773.184,781.627,928.429
37,2019,15,109257,109257,1-7 Swanston Street MELBOURNE 3000,Melbourne (CBD),Young & Jacksons,470,144.96702,-37.81736,0.0,1031.56,2153.65,2454.919,2275.531,2181.763,2396.359,2432.737,2206.447,2268.632,2063.6,2256.492
38,2019,16,103938,103938,187 Flinders Lane MELBOURNE 3000,Melbourne (CBD),Mon Bijou,180,144.96838,-37.81636,709.08,670.783,754.718,822.82,757.846,751.973,834.152,862.854,765.115,771.917,784.222,923.771
39,2019,16,103938,103938,187 Flinders Lane MELBOURNE 3000,Melbourne (CBD),The Adelphi Hotel,80,144.96838,-37.81636,709.08,670.783,754.718,822.82,757.846,751.973,834.152,862.854,765.115,771.917,784.222,923.771
40,2019,16,104020,104020,150-162 Flinders Street MELBOURNE 3000,Melbourne (CBD),Forum Theatre Bar,1500,144.96939,-37.81649,325.646,247.444,337.658,502.131,406.162,396.544,456.354,389.842,396.104,419.958,163.377,371.62
41,2019,16,108532,108532,27-37 Russell Street MELBOURNE 3000,Melbourne (CBD),Whiskey Den,40,144.96925,-37.81599,896.921,846.944,970.937,993.372,880.462,837.998,912.024,908.616,845.768,989.159,967.955,1168.582
42,2019,24,103174,103174,55-57 Elizabeth Street MELBOURNE 3000,Melbourne (CBD),Fiftyfive,88,144.96413,-37.81697,0.0,0.0,0.0,0.0,0.0,0.0,0.0,0.0,0.0,1002.373,1146.006,1499.608
43,2019,25,101789,101789,252-254 Flinders Lane MELBOURNE 3000,Melbourne (CBD),Hell's Kitchen,55,144.9656,-37.8166,0.0,1088.813,2288.093,2250.688,2256.77,2109.438,2288.748,2293.628,2146.242,2842.158,2826.938,3075.702
44,2019,35,102141,102141,280-292 Collins Street MELBOURNE 3000,Melbourne (CBD),The Charles Dickens Tavern,450,144.96435,-37.81553,693.124,0.0,0.0,0.0,440.336,967.951,1086.379,1101.255,1035.472,1050.508,1123.346,1303.813
45,2019,35,105919,105919,267 Little Collins Street MELBOURNE 3000,Melbourne (CBD),Bar Americano,10,144.9656,-37.81483,1955.043,1645.482,1819.73,1806.357,1811.394,1813.111,2024.395,1917.737,1887.26,1590.61,2153.761,2637.254
46,2019,35,105919,105919,267 Little Collins Street MELBOURNE 3000,Melbourne (CBD),Polepole Bar,100,144.9656,-37.81483,1955.043,1645.482,1819.73,1806.357,1811.394,1813.111,2024.395,1917.737,1887.26,1590.61,2153.761,2637.254
47,2019,35,109271,109271,125-133 Swanston Street MELBOURNE 3000,Melbourne (CBD),Max Watt's,800,144.9658,-37.81472,2012.488,1647.7,1821.921,1807.644,1852.366,1875.516,2093.382,1985.309,1951.754,1642.566,2225.865,2723.254
48,2019,35,558610,558610,256 Collins Street MELBOURNE 3000,Melbourne (CBD),The Butterfly Club,190,144.96529,-37.81552,1286.102,833.253,920.57,910.692,1136.268,1261.825,1407.702,1350.845,1316.228,1136.709,1489.291,1806.349
49,2019,36,102152,102152,162-168 Collins Street MELBOURNE 3000,Melbourne (CBD),The George on Collins,620,144.96785,-37.8145,656.781,671.852,726.004,743.574,681.778,668.675,718.632,738.046,700.606,737.172,643.098,716.915
50,2019,45,105960,105960,318-322 Little Collins Street MELBOURNE 3000,Melbourne (CBD),New Guernica,380,144.96401,-37.81489,1616.045,1598.649,1830.394,1835.564,1747.333,1692.964,1650.09,1574.912,1685.443,1811.034,1858.796,2147.487
51,2019,46,101130,101130,193-199 Bourke Street MELBOURNE 3000,Melbourne (CBD),The Carlton Hotel,366,144.96765,-37.8132,639.369,513.032,588.006,601.394,625.412,788.078,780.513,793.476,706.427,746.869,822.583,891.372
52,2019,46,101133,101133,209-215 Bourke Street MELBOURNE 3000,Melbourne (CBD),Treasure Star,150,144.9673,-37.81328,1333.049,1302.769,1492.153,1491.314,1469.209,1484.405,1405.968,1333.994,1447.843,1571.109,1604.29,1828.112
53,2019,46,105963,105963,196-212 Little Collins Street MELBOURNE 3000,Melbourne (CBD),Hana,50,144.96715,-37.8139,1299.652,1188.865,1312.802,1311.433,1217.017,1185.514,1312.625,1255.594,1231.384,1007.28,1384.043,1670.384
54,2019,46,105964,105964,188-194 Little Collins Street MELBOURNE 3000,Melbourne (CBD),Gin Palace,150,144.96758,-37.81391,650.413,640.626,709.184,708.145,666.124,644.403,714.012,620.9,648.275,733.72,482.044,723.836
55,2019,46,108536,108536,115-127 Russell Street MELBOURNE 3000,Melbourne (CBD),Portland Hotel,414,144.9682,-37.81366,433.179,337.823,359.768,384.36,403.892,552.536,602.66,665.521,624.829,666.557,574.858,641.561
56,2019,46,108537,108537,131-141 Russell Street MELBOURNE 3000,Melbourne (CBD),QT Melbourne,885,144.96784,-37.81343,438.664,442.487,469.948,493.549,466.701,501.475,543.383,587.686,567.637,610.691,464.27,545.654
57,2019,46,109413,109413,146 Swanston Street MELBOURNE 3000,Melbourne (CBD),Cabinet Bar,90,144.9662,-37.81418,2592.623,2436.094,2775.299,2769.412,2700.772,2798.886,2766.657,2627.761,2812.877,2920.074,3107.488,3614.93
58,2019,46,111394,111394,16-30 Russell Place MELBOURNE 3000,Melbourne (CBD),Bar Ampere,60,144.96744,-37.81355,1476.257,1415.724,1623.762,1629.575,1578.512,1585.016,1548.384,1488.651,1582.386,1719.14,1736.896,1996.675
59,2019,54,104653,104653,21-25 Hardware Lane MELBOURNE 3000,Melbourne (CBD),Campari House,326,144.96131,-37.81409,661.512,652.822,716.021,673.452,669.305,631.083,685.932,703.812,661.524,726.634,713.781,774.932
60,2019,54,109954,109954,15-19 Warburton Lane MELBOURNE 3000,Melbourne (CBD),Murmur,50,144.96185,-37.81381,804.604,741.662,819.302,800.706,758.98,724.288,803.095,763.976,752.783,626.972,851.204,1030.326
61,2019,55,101193,101193,338-352 Bourke Street MELBOURNE 3000,Melbourne (CBD),Alto Event Space,400,144.96329,-37.8136,449.476,451.119,515.184,483.399,487.875,452.656,492.143,506.707,479.542,474.288,452.546,531.518
62,2019,55,101194,101194,314-336 Bourke Street MELBOURNE 3000,Melbourne (CBD),Mural Hall,900,144.96383,-37.81345,609.558,628.084,699.238,679.904,665.935,610.209,649.184,659.368,629.909,641.864,694.456,709.095
63,2019,55,109284,109284,191-205 Swanston Street MELBOURNE 3000,Melbourne (CBD),Black Opal,200,144.96501,-37.8131,1013.798,0.0,0.0,0.0,704.684,1478.976,1592.175,1617.439,1507.438,1576.319,1661.317,1881.933
64,2019,55,109284,109284,191-205 Swanston Street MELBOURNE 3000,Melbourne (CBD),Cocoon Bar,200,144.96501,-37.8131,1013.798,0.0,0.0,0.0,704.684,1478.976,1592.175,1617.439,1507.438,1576.319,1661.317,1881.933
65,2019,56,101206,101206,188 Bourke Street MELBOURNE 3000,Melbourne (CBD),Heros Rooftop Bar,302,144.96761,-37.8127,677.295,695.393,793.015,817.873,743.227,725.24,737.472,788.343,737.631,800.285,757.337,742.12
66,2019,56,101207,101207,184-186 Bourke Street MELBOURNE 3000,Melbourne (CBD),Stars KTV and Lounge,204,144.96769,-37.81268,728.687,771.778,877.2,900.881,807.194,793.232,763.246,782.932,697.804,736.944,803.9,836.719
67,2019,6,578327,573333,2 Swanston Street MELBOURNE 3000,Melbourne (CBD),Zinc at Federation Square,1000,144.96982,-37.81779,0.0,0.0,0.0,0.0,0.0,0.0,0.0,0.0,0.0,1029.634,1133.327,1454.335
68,2019,6,578321,573333,2 Swanston Street MELBOURNE 3000,Melbourne (CBD),Beer De Luxe,1000,144.96982,-37.81779,0.0,0.0,0.0,0.0,0.0,0.0,0.0,0.0,0.0,1029.634,1133.327,1454.335
69,2019,6,578324,573333,2 Swanston Street MELBOURNE 3000,Melbourne (CBD),Transit Rooftop Bar,200,144.96982,-37.81779,0.0,0.0,0.0,0.0,0.0,0.0,0.0,0.0,0.0,1029.634,1133.327,1454.335
70,2019,6,578324,573333,2 Swanston Street MELBOURNE 3000,Melbourne (CBD),Transport Hotel,600,144.96982,-37.81779,0.0,0.0,0.0,0.0,0.0,0.0,0.0,0.0,0.0,1029.634,1133.327,1454.335
71,2019,64,104659,104659,67-73 Hardware Lane MELBOURNE 3000,Melbourne (CBD),Charlie's Bar,143,144.96091,-37.81323,380.636,395.618,430.882,395.728,410.6,371.957,411.534,423.69,397.496,440.904,427.813,432.567
72,2019,64,104659,104659,67-73 Hardware Lane MELBOURNE 3000,Melbourne (CBD),The Mill,119,144.96091,-37.81323,380.636,395.618,430.882,395.728,410.6,371.957,411.534,423.69,397.496,440.904,427.813,432.567
73,2019,64,105700,105700,359-363 Lonsdale Street MELBOURNE 3000,Melbourne (CBD),Whitehart,200,144.96188,-37.81275,785.016,500.778,1402.359,1327.623,1217.599,1140.882,1224.249,1320.195,1194.424,1272.318,1241.686,1297.509
74,2019,64,105704,105704,377-381 Lonsdale Street MELBOURNE 3000,Melbourne (CBD),Trapt Bar & Escape Rooms,331,144.96145,-37.81288,660.175,408.702,1201.567,1137.469,1040.096,975.564,1045.875,1129.266,1019.836,1085.811,1058.94,1108.116
75,2019,64,105870,105870,380-384 Little Bourke Street MELBOURNE 3000,Melbourne (CBD),Kirk's Public Bar,98,144.96133,-37.81354,371.956,388.013,423.311,386.697,403.242,365.322,404.12,415.966,388.796,431.412,414.8,422.666
76,2019,64,515538,515538,4-6 Goldie Place MELBOURNE 3000,Melbourne (CBD),Paris Cat Jazz Club,120,144.96083,-37.81352,359.551,376.546,409.473,374.372,391.068,352.477,390.911,402.392,377.127,419.618,406.358,406.952
77,2019,65,105875,105875,318-322 Little Bourke Street MELBOURNE 3000,Melbourne (CBD),Beneath Driver Lane,118,144.96313,-37.81293,1439.918,1446.561,1644.845,1623.302,1584.953,1536.136,1480.996,1413.072,1535.199,1673.016,1677.589,1914.938
78,2019,65,105875,105875,318-322 Little Bourke Street MELBOURNE 3000,Melbourne (CBD),Penny Blue,85,144.96313,-37.81293,1439.918,1446.561,1644.845,1623.302,1584.953,1536.136,1480.996,1413.072,1535.199,1673.016,1677.589,1914.938
79,2019,65,109292,109292,243-249 Swanston Street MELBOURNE 3000,Melbourne (CBD),The Lounge,212,144.96474,-37.8123,1320.415,1087.989,1617.418,1583.541,1458.837,1389.981,1511.133,1467.55,1431.952,1220.622,1608.434,1897.112
80,2019,66,105691,105691,209-211 Lonsdale Street MELBOURNE 3000,Melbourne (CBD),Boilermaker House,180,144.96626,-37.81143,610.506,667.833,720.063,758.474,668.804,658.73,692.817,785.668,727.021,762.955,678.403,709.215
81,2019,66,105694,105694,233-237 Lonsdale Street MELBOURNE 3000,Melbourne (CBD),The Emerald Peacock,300,144.96555,-37.81158,1152.25,1092.331,1892.595,1739.805,1637.386,1456.331,1564.524,1786.614,1579.796,1670.151,1526.595,1674.628
82,2019,66,105694,105694,233-237 Lonsdale Street MELBOURNE 3000,Melbourne (CBD),Mezcalito Agave Bar,100,144.96555,-37.81158,1152.25,1092.331,1892.595,1739.805,1637.386,1456.331,1564.524,1786.614,1579.796,1670.151,1526.595,1674.628
83,2019,66,105695,105695,239 Lonsdale Street MELBOURNE 3000,Melbourne (CBD),Ferdydurke,100,144.96538,-37.81159,1224.537,1154.296,2024.71,1860.369,1749.987,1556.189,1672.279,1909.923,1687.992,1783.994,1631.743,1790.293
84,2019,66,105878,105878,242-244 Little Bourke Street MELBOURNE 3000,Melbourne (CBD),Shanghai Club,209,144.96559,-37.8121,1047.117,572.77,2117.17,2035.987,1829.896,1729.37,1786.514,1908.762,1771.876,1886.713,1867.364,1943.821
85,2019,66,108547,108547,199-203 Russell Street MELBOURNE 3000,Melbourne (CBD),Exford Hotel,300,144.96734,-37.81179,908.467,954.611,1088.027,1116.67,1004.302,985.284,954.355,981.236,881.505,936.154,1003.441,1032.195
86,2019,66,109390,109390,264-266 Swanston Street MELBOURNE 3000,Melbourne (CBD),Goldilocks,60,144.96515,-37.81181,1096.832,1150.703,1611.292,1483.533,1415.203,1254.154,1344.903,1539.609,1369.075,1452.506,1305.832,1442.703
87,2019,66,109392,109392,248-258 Swanston Street MELBOURNE 3000,Melbourne (CBD),The Toff In Town,342,144.96527,-37.81199,978.357,1026.919,1426.487,1317.429,1255.1,1115.455,1193.235,1362.599,1212.845,1287.504,1161.07,1279.009
88,2019,66,109392,109392,248-258 Swanston Street MELBOURNE 3000,Melbourne (CBD),Rooftop Cinema & Bar,200,144.96527,-37.81199,978.357,1026.919,1426.487,1317.429,1255.1,1115.455,1193.235,1362.599,1212.845,1287.504,1161.07,1279.009
89,2019,66,109392,109392,248-258 Swanston Street MELBOURNE 3000,Melbourne (CBD),Cookie,300,144.96527,-37.81199,978.357,1026.919,1426.487,1317.429,1255.1,1115.455,1193.235,1362.599,1212.845,1287.504,1161.07,1279.009
90,2019,66,109392,109392,248-258 Swanston Street MELBOURNE 3000,Melbourne (CBD),Mesa Verde,175,144.96527,-37.81199,978.357,1026.919,1426.487,1317.429,1255.1,1115.455,1193.235,1362.599,1212.845,1287.504,1161.07,1279.009
91,2019,66,109436,109436,27-29 Tattersalls Lane MELBOURNE 3000,Melbourne (CBD),Section 8 Bar,100,144.96539,-37.81176,1104.064,1039.781,1824.095,1677.402,1576.991,1403.551,1507.01,1719.767,1520.011,1606.519,1471.54,1613.385
92,2019,66,109952,109952,7-9 Waratah Place MELBOURNE 3000,Melbourne (CBD),Manchuria,80,144.96699,-37.81162,952.509,1013.004,1138.941,1169.857,1047.261,1028.207,995.786,1023.181,908.472,947.829,1038.805,1089.94
93,2019,66,635138,635138,13 Heffernan Lane MELBOURNE 3000,Melbourne (CBD),Union Electric,100,144.96659,-37.8118,737.636,808.139,868.787,915.456,806.78,794.561,837.337,950.658,879.15,920.459,817.732,856.813
94,2019,74,104662,104662,106-112 Hardware Street MELBOURNE 3000,Melbourne (CBD),Mjolner Melbourne,200,144.96068,-37.81214,0.0,0.0,0.0,0.0,0.0,0.0,0.0,0.0,0.0,1124.965,1058.969,1047.48
95,2019,74,106017,106017,391-393 Little Lonsdale Street MELBOURNE 3000,Melbourne (CBD),La La Land,175,144.96034,-37.81187,0.0,0.0,0.0,0.0,0.0,0.0,0.0,0.0,0.0,1135.284,1065.423,1046.423
96,2019,74,106018,106018,395-397 Little Lonsdale Street MELBOURNE 3000,Melbourne (CBD),Horse Bazaar,158,144.96025,-37.8119,0.0,0.0,0.0,0.0,0.0,0.0,0.0,0.0,0.0,1099.937,1031.927,1012.763
97,2019,74,106019,106019,399-401 Little Lonsdale Street MELBOURNE 3000,Melbourne (CBD),Novotel/Ibis Melbourne Central,786,144.96014,-37.81205,0.0,0.0,0.0,0.0,0.0,0.0,0.0,0.0,0.0,1022.485,959.354,941.637
98,2019,76,589841,105749,221 Little Lonsdale Street MELBOURNE 3000,Melbourne (CBD),Father's Office,370,144.96572,-37.81068,811.948,702.997,1282.441,1261.26,1126.698,1077.727,1068.885,1125.433,987.277,1039.765,1114.163,1166.734
99,2019,76,589841,105749,221 Little Lonsdale Street MELBOURNE 3000,Melbourne (CBD),Idarts Hive,100,144.96572,-37.81068,811.948,702.997,1282.441,1261.26,1126.698,1077.727,1068.885,1125.433,987.277,1039.765,1114.163,1166.734
100,2019,76,589841,105749,221 Little Lonsdale Street MELBOURNE 3000,Melbourne (CBD),Strike Bowling,370,144.96572,-37.81068,811.948,702.997,1282.441,1261.26,1126.698,1077.727,1068.885,1125.433,987.277,1039.765,1114.163,1166.734
101,2019,84,103207,103207,315-321 Elizabeth Street MELBOURNE 3000,Melbourne (CBD),The Meeting Place,250,144.96146,-37.81122,465.441,488.645,537.627,509.148,522.828,458.98,513.687,539.037,519.145,943.9,906.015,868.367
102,2019,84,106037,106037,324-328 Little Lonsdale Street MELBOURNE 3000,Melbourne (CBD),Alchemist's Refuge,60,144.95994,-37.81167,0.0,0.0,0.0,0.0,0.0,0.0,0.0,0.0,0.0,998.815,929.589,884.112
103,2019,85,102596,102596,22 Drewery Place MELBOURNE 3000,Melbourne (CBD),Sister Bella,80,144.96382,-37.81135,940.398,955.751,1163.793,1146.796,1057.263,1017.043,1008.516,1034.661,922.661,982.555,1062.431,1144.853
104,2019,85,102597,102597,2-20 Drewery Place MELBOURNE 3000,Melbourne (CBD),Baroq House,303,144.96397,-37.8113,954.436,966.072,1200.023,1182.223,1087.369,1044.885,1034.983,1064.564,947.169,1007.22,1088.891,1172.019
105,2019,85,105746,105746,183-265 La Trobe Street MELBOURNE 3000,Melbourne (CBD),Strike Melbourne Central,760,144.96277,-37.81051,701.098,151.282,1840.784,1746.372,1535.211,1434.248,1528.489,1689.9,1496.764,2014.509,1955.191,1960.931
106,2019,85,105746,105746,183-265 La Trobe Street MELBOURNE 3000,Melbourne (CBD),B. Lucky & Sons,300,144.96277,-37.81051,701.098,151.282,1840.784,1746.372,1535.211,1434.248,1528.489,1689.9,1496.764,2014.509,1955.191,1960.931
107,2019,85,105746,105746,183-265 La Trobe Street MELBOURNE 3000,Melbourne (CBD),Hoyts,300,144.96277,-37.81051,701.098,151.282,1840.784,1746.372,1535.211,1434.248,1528.489,1689.9,1496.764,2014.509,1955.191,1960.931
108,2019,85,105746,105746,183-265 La Trobe Street MELBOURNE 3000,Melbourne (CBD),Party World,500,144.96277,-37.81051,701.098,151.282,1840.784,1746.372,1535.211,1434.248,1528.489,1689.9,1496.764,2014.509,1955.191,1960.931
109,2019,85,105746,105746,183-265 La Trobe Street MELBOURNE 3000,Melbourne (CBD),Melbourne Central Lion Hotel,550,144.96277,-37.81051,701.098,151.282,1840.784,1746.372,1535.211,1434.248,1528.489,1689.9,1496.764,2014.509,1955.191,1960.931
110,2019,85,105746,105746,183-265 La Trobe Street MELBOURNE 3000,Melbourne (CBD),Diesel Bar,375,144.96277,-37.81051,701.098,151.282,1840.784,1746.372,1535.211,1434.248,1528.489,1689.9,1496.764,2014.509,1955.191,1960.931
111,2019,85,109302,109302,281-287 Swanston Street MELBOURNE 3000,Melbourne (CBD),Mui Karaoke,243,144.96436,-37.81143,1187.127,1158.483,1382.669,1319.629,1266.641,1201.422,1270.077,1316.548,1214.236,1317.94,1324.205,1445.963
112,2019,85,109302,109302,281-287 Swanston Street MELBOURNE 3000,Melbourne (CBD),Bornga,40,144.96436,-37.81143,1187.127,1158.483,1382.669,1319.629,1266.641,1201.422,1270.077,1316.548,1214.236,1317.94,1324.205,1445.963
113,2019,85,109304,109304,301-303 Swanston Street MELBOURNE 3000,Melbourne (CBD),Cheek,98,144.96419,-37.81108,1054.853,994.687,1478.991,1442.099,1317.93,1254.401,1260.671,1322.148,1173.036,1244.439,1312.217,1401.422
114,2019,327,102352,102352,171-173 Curzon Street NORTH MELBOURNE 3051,North Melbourne,Albion Hotel,100,144.94855,-37.7989,33.389,31.896,36.396,34.654,32.847,34.348,38.671,37.553,27.914,29.143,36.967,36.204
115,2019,345,103393,103393,7 Errol Street NORTH MELBOURNE 3051,North Melbourne,Joe Taylor,60,144.94901,-37.8048,34.842,36.623,42.302,38.844,36.028,34.531,37.329,38.81,32.358,36.395,37.449,37.838
116,2019,345,103402,103402,33 Errol Street NORTH MELBOURNE 3051,North Melbourne,Townhall Hotel North Melbourne,80,144.9488,-37.80412,33.227,34.916,40.328,37.035,34.351,32.934,35.607,37.011,30.848,34.691,35.715,36.084
117,2019,347,110920,110920,161-163 Errol Street NORTH MELBOURNE 3051,North Melbourne,Limerick Castle Hotel & Restaurant,50,144.94964,-37.80116,33.369,32.223,38.925,36.867,36.032,35.25,39.729,39.35,28.931,29.732,38.25,36.076
118,2019,355,105636,105636,46-50 Leveson Street NORTH MELBOURNE 3051,North Melbourne,The Leveson,400,144.95146,-37.8037,40.584,42.594,49.171,45.171,41.912,40.223,43.517,45.197,37.651,42.307,43.617,44.053
119,2019,358,107887,107887,351-359 Queensberry Street NORTH MELBOURNE 3051,North Melbourne,Bobbie Peels,240,144.95597,-37.80396,47.24,51.597,77.716,68.162,76.685,53.05,57.57,65.423,58.816,59.912,59.931,46.912
120,2019,358,109829,109829,312-316 Victoria Street NORTH MELBOURNE 3051,North Melbourne,Victoria Hotel,130,144.9557,-37.80563,87.341,91.307,105.166,96.672,89.986,86.182,93.622,97.273,81.377,91.162,93.513,94.198
121,2019,361,109842,109842,240-248 Victoria Street NORTH MELBOURNE 3051,North Melbourne,Central Club Hotel,150,144.95812,-37.80591,135.913,141.367,162.915,150.283,140.035,134.301,146.611,152.082,125.897,140.456,145.814,146.37
122,2019,362,109843,109843,232-238 Victoria Street MELBOURNE 3000,North Melbourne,The Last Chance Rock & Roll Bar,180,144.95859,-37.80593,139.651,147.793,169.928,155.0,145.977,133.454,145.971,155.998,137.497,154.785,145.832,145.9
123,2019,369,103507,103507,86-90 Errol Street NORTH MELBOURNE 3051,North Melbourne,The Courthouse Hotel,50,144.94996,-37.80288,33.929,35.623,41.133,37.784,35.052,33.634,36.379,37.789,31.475,35.377,36.472,36.842
124,2019,376,508976,110862,42 Courtney Street NORTH MELBOURNE 3051,North Melbourne,Metropolitan Hotel,100,144.95409,-37.80143,56.932,54.456,62.158,59.105,56.082,58.5,65.821,63.986,47.806,49.957,62.968,61.659
125,2019,377,102236,102236,56-58 Courtney Street NORTH MELBOURNE 3051,North Melbourne,The Castle Hotel,317,144.95303,-37.8009,50.081,47.886,54.657,51.991,49.319,51.478,57.931,56.3,42.002,43.88,55.408,54.257
126,2019,270,579293,104468,230 Grattan Street PARKVILLE 3010,Parkville,University House Club,611,144.96124,-37.79675,111.958,112.223,149.173,128.012,133.281,108.882,116.357,138.915,122.642,130.217,122.358,122.452
127,2019,270,664626,104468,230 Grattan Street PARKVILLE 3010,Parkville,The Ida Bar,200,144.96124,-37.79675,111.958,112.223,149.173,128.012,133.281,108.882,116.357,138.915,122.642,130.217,122.358,122.452
128,2019,904,556742,556742,419-443 Royal Parade PARKVILLE 3052,Parkville,Vibe Hotel,69,144.95882,-37.7829,22.414,28.629,48.607,36.197,39.21,22.287,27.096,42.7,34.228,33.724,28.593,23.173
129,2019,419,108876,108876,573-579 Spencer Street WEST MELBOURNE 3003,West Melbourne (Residential),McMahons Hotel,160,144.94699,-37.8074,37.107,38.467,43.572,40.037,36.699,35.804,37.469,38.913,33.756,38.896,38.095,39.35
130,2019,435,107481,107481,65-67 Peel Street WEST MELBOURNE 3003,West Melbourne (Residential),The Drunken Poet Pty Ltd,50,144.9555,-37.80667,95.585,100.3,115.71,106.258,98.74,94.451,102.324,106.463,89.079,100.054,102.478,103.398
131,2019,441,108856,108856,475-477 Spencer Street WEST MELBOURNE 3003,West Melbourne (Residential),Hotel Spencer Bar & Grill,150,144.94925,-37.80957,160.587,166.768,183.779,173.409,187.222,169.887,185.661,186.084,165.564,187.533,177.739,163.818
132,2019,2530,616125,616125,RSL 25-27 Rankins Road KENSINGTON VIC 3031,Kensington,Flemington & Kensington RSL Club,90,144.9322,-37.78932,19.531,17.209,18.636,19.032,15.55,17.647,14.547,14.682,11.239,15.746,15.952,18.327
133,2019,2530,616160,616160,The Quiet Man Hotel 265-271 Racecourse Road KENSINGTON VIC 3031,Kensington,The Quiet Man Irishman  Pub,400,144.93237,-37.78861,6.817,9.39,20.297,16.103,21.885,10.861,11.219,20.401,14.606,13.304,8.887,5.298
134,2019,2538,616156,616156,40-48 Stubbs Street KENSINGTON VIC 3031,Kensington,Bonehead Brewing,80,144.93519,-37.79045,7.592,10.457,22.599,17.931,24.367,12.093,12.493,22.712,16.264,14.815,9.898,5.901
135,2019,508,100820,100820,38-44 Barrett Street KENSINGTON VIC 3031,Kensington,Henry St Brewhouse,75,144.93434,-37.7981,25.312,24.62,26.55,24.648,23.371,23.842,26.053,25.977,22.89,24.94,25.395,25.656
136,2019,103,100160,100160,196-200 A'Beckett Street MELBOURNE 3000,Melbourne (CBD),Nomads Melbourne,200,144.95744,-37.80999,85.197,79.607,90.597,88.325,82.299,89.431,101.868,97.337,65.88,233.567,249.391,238.45
137,2019,103,104086,104086,211-213 Franklin Street MELBOURNE 3000,Melbourne (CBD),Island Somewhere/Pinball Paradise,120,144.95784,-37.80968,0.0,0.0,0.0,0.0,0.0,0.0,0.0,0.0,0.0,677.001,633.284,596.082
138,2019,104,103219,103219,413-417 Elizabeth Street MELBOURNE 3000,Melbourne (CBD),Workshop,230,144.96052,-37.80919,0.0,0.0,0.0,0.0,0.0,0.0,0.0,0.0,0.0,375.088,333.5,310.324
139,2019,105,103301,103301,442-450 Elizabeth Street MELBOURNE 3000,Melbourne (CBD),Kicks,365,144.96086,-37.80831,0.0,0.0,0.0,0.0,0.0,0.0,0.0,0.0,0.0,1152.629,1080.021,1017.133
140,2019,107,108561,108561,380-388 Russell Street MELBOURNE 3000,Melbourne (CBD),Blue Moon Bar,170,144.9661,-37.80748,287.176,313.99,390.8,385.627,336.524,312.867,335.389,373.266,345.63,376.953,335.303,334.587
141,2019,11,103984,103984,566-580 Flinders Street MELBOURNE 3000,Melbourne (CBD),UBar,128,144.95534,-37.82071,456.798,518.761,519.061,472.825,578.771,431.809,500.92,503.02,358.483,654.735,515.142,493.344
142,2019,11,103993,103993,508-514 Flinders Street MELBOURNE 3000,Melbourne (CBD),Waterside Hotel,983,144.95715,-37.82017,396.83,410.081,450.41,420.761,455.286,358.185,405.389,410.026,290.097,531.563,450.789,456.53
143,2019,11,105294,105294,27-31 King Street MELBOURNE 3000,Melbourne (CBD),State Of Grace,200,144.95695,-37.81976,375.976,373.246,408.225,379.463,388.98,173.156,216.557,232.19,0.0,670.604,440.055,568.269
144,2019,11,108971,108971,561-585 Flinders Lane MELBOURNE 3000,Melbourne (CBD),Holiday Inn On Flinders Melbourne,100,144.9551,-37.8202,521.96,561.008,602.983,558.985,635.035,555.412,624.872,624.973,559.62,630.016,586.79,526.465
145,2019,115,104103,104103,34-38 Franklin Street MELBOURNE 3000,Melbourne (CBD),Captain Melville,355,144.96162,-37.80752,310.735,333.823,426.861,407.225,344.996,352.669,401.229,399.588,309.478,329.466,366.36,351.618
146,2019,12,103994,103994,502-504 Flinders Street MELBOURNE 3000,Melbourne (CBD),Insignia on Flinders,100,144.95766,-37.82006,342.507,335.581,352.965,338.634,338.944,123.401,160.784,177.961,0.0,632.943,382.98,529.618
147,2019,12,104824,104824,11A Highlander Lane MELBOURNE 3000,Melbourne (CBD),Highlander Bar,202,144.95797,-37.8197,210.814,230.766,235.49,220.571,242.767,208.622,238.47,244.085,213.578,252.283,225.612,211.746
148,2019,12,105399,105399,26-32 King Street MELBOURNE 3000,Melbourne (CBD),Clique Bar,222,144.95747,-37.81953,237.929,260.415,282.801,253.997,283.372,244.115,278.494,282.866,257.44,290.969,276.799,251.091
149,2019,12,105401,105401,14-20 King Street MELBOURNE 3000,Melbourne (CBD),Spearmint Rhino Gentlemen's Club,660,144.95771,-37.81978,206.373,225.899,230.962,215.992,237.955,204.243,233.789,239.215,209.48,247.027,221.373,207.569
150,2019,12,105401,105401,14-20 King Street MELBOURNE 3000,Melbourne (CBD),Tramp Bar,260,144.95771,-37.81978,206.373,225.899,230.962,215.992,237.955,204.243,233.789,239.215,209.48,247.027,221.373,207.569
151,2019,17,103592,103592,11-37 Exhibition Street MELBOURNE 3000,Melbourne (CBD),The Fair Trader Cafe,118,144.97173,-37.81546,315.2,362.042,381.466,332.482,394.712,330.808,380.006,383.206,357.487,324.276,352.708,321.897
152,2019,17,103922,103922,95-101 Flinders Lane MELBOURNE 3000,Melbourne (CBD),Garden State Hotel,840,144.9711,-37.81553,271.478,312.025,328.737,286.841,340.212,284.286,327.201,334.305,308.863,278.788,310.626,277.924
153,2019,17,103924,103924,107-109 Flinders Lane MELBOURNE 3000,Melbourne (CBD),Jack & Bones,230,144.97083,-37.81561,252.438,290.141,305.671,266.718,316.346,264.368,304.265,310.706,287.196,259.478,288.568,258.4
154,2019,17,103925,103925,121-123 Flinders Lane MELBOURNE 3000,Melbourne (CBD),Sake Restaurant and Bar,350,144.97051,-37.81567,234.602,269.64,284.063,247.863,293.99,245.712,282.777,288.593,266.897,241.376,267.901,240.111
155,2019,17,103926,103926,125-127 Flinders Lane MELBOURNE 3000,Melbourne (CBD),GoGo Bar,300,144.9704,-37.81569,71.29,78.902,82.146,87.788,78.342,64.189,85.523,103.204,84.623,271.329,290.89,352.383
156,2019,17,103928,103928,133-135 Flinders Lane MELBOURNE 3000,Melbourne (CBD),Meatball & Wine Bar,110,144.97016,-37.81574,125.596,0.0,0.0,82.377,137.449,113.388,158.077,232.992,168.1,335.648,460.315,451.082
157,2019,17,574438,574438,84-94 Flinders Street MELBOURNE 3000,Melbourne (CBD),Eau-De-Vie,150,144.97168,-37.81595,317.833,355.245,381.961,337.753,381.803,327.408,377.209,380.72,332.267,163.178,326.256,316.849
158,2019,18,103914,103914,31-35 Flinders Lane MELBOURNE 3000,Melbourne (CBD),White Lane by Food & Desire,250,144.97329,-37.8149,501.078,574.201,606.121,527.883,627.763,524.483,602.887,618.006,558.096,481.229,557.747,493.377
159,2019,18,108977,108977,25-31 Spring Street MELBOURNE 3000,Melbourne (CBD),HiHou,80,144.9741,-37.81455,542.434,621.877,656.156,573.76,678.054,566.276,652.772,672.394,610.094,532.769,617.544,547.06
160,2019,21,606461,606461,607-623 Collins Street MELBOURNE 3000,Melbourne (CBD),Batman's Hill On Collins Hotel,1500,144.95469,-37.81929,817.084,922.913,952.283,862.015,1040.197,874.089,1008.956,1008.33,907.992,1023.302,922.811,804.264
161,2019,22,105394,105394,62-66 King Street MELBOURNE 3000,Melbourne (CBD),KSR Art Bar,240,144.95715,-37.81875,270.101,295.141,320.685,288.423,321.693,277.319,316.296,321.072,291.955,329.848,313.812,284.719
162,2019,23,102098,102098,415-417 Collins Street MELBOURNE 3000,Melbourne (CBD),The Sherlock Holmes Inn,131,144.96087,-37.81747,560.767,701.455,847.33,775.194,825.016,754.672,822.51,834.91,791.2,892.049,851.616,903.057
163,2019,23,102099,102099,419-429 Collins Street MELBOURNE 3000,Melbourne (CBD),Ms Collins,850,144.96065,-37.81753,542.571,676.77,816.019,746.408,794.546,726.768,792.09,804.07,761.956,859.301,820.253,870.021
164,2019,23,106436,106436,54-60 Market Street MELBOURNE 3000,Melbourne (CBD),Oak & Vine Bar,370,144.96082,-37.81778,571.73,711.418,856.853,783.854,834.426,763.296,831.852,844.442,800.095,902.541,861.321,913.92
165,2019,27,102064,102064,69-73 Collins Street MELBOURNE 3000,Melbourne (CBD),Harley House,210,144.97135,-37.81434,218.759,244.794,259.589,246.606,256.113,214.459,260.946,289.153,244.79,176.787,243.705,223.019
166,2019,27,541562,102071,121-131 Collins Street MELBOURNE 3000,Melbourne (CBD),RU-CO,400,144.96988,-37.81508,167.211,194.165,202.9,175.618,213.105,176.973,202.903,204.163,195.017,401.062,413.063,460.471
167,2019,27,597183,102071,121-131 Collins Street MELBOURNE 3000,Melbourne (CBD),Spice Market,800,144.96988,-37.81508,167.211,194.165,202.9,175.618,213.105,176.973,202.903,204.163,195.017,401.062,413.063,460.471
168,2019,33,100727,100727,5-9 Bank Place MELBOURNE 3000,Melbourne (CBD),Mitre Tavern,300,144.96029,-37.8168,256.897,360.393,487.659,487.013,481.003,451.084,497.864,496.059,465.668,511.348,501.752,561.901
169,2019,33,100730,100730,12-16 Bank Place MELBOURNE 3000,Melbourne (CBD),Melbourne Savage Club,90,144.96058,-37.81655,270.867,310.721,308.938,339.716,344.205,316.188,348.084,352.586,285.245,358.706,288.949,319.306
170,2019,33,102124,102124,430-442 Collins Street MELBOURNE 3000,Melbourne (CBD),The Mug House,80,144.95976,-37.81703,449.313,594.563,732.096,670.309,737.775,624.027,734.651,742.414,669.27,738.03,708.816,666.295
171,2019,33,105933,105933,425-427 Little Collins Street MELBOURNE 3000,Melbourne (CBD),The Irish Times,170,144.96054,-37.81625,277.012,380.075,513.027,509.346,503.053,471.31,520.768,519.088,490.805,535.823,530.494,592.974
172,2019,33,105936,105936,433 Little Collins Street MELBOURNE 3000,Melbourne (CBD),Dikstein's Corner Bar,145,144.96034,-37.81631,118.677,231.085,351.793,335.303,340.238,316.932,344.227,352.478,327.417,343.293,313.987,346.837
173,2019,33,105937,105937,435-443 Little Collins Street MELBOURNE 3000,Melbourne (CBD),Marrakech Bar,200,144.9601,-37.8164,114.88,221.725,338.221,322.501,327.085,304.819,330.991,338.923,314.822,329.919,301.667,333.635
174,2019,33,108064,108064,85-91 Queen Street MELBOURNE 3000,Melbourne (CBD),The Black Rabbit,230,144.96102,-37.8165,282.723,360.972,363.914,390.618,399.063,364.366,402.308,407.969,335.729,416.824,343.102,371.684
175,2019,33,108065,108065,93-95 Queen Street MELBOURNE 3000,Melbourne (CBD),GG EZ Bar,167,144.96098,-37.81638,235.781,300.135,355.556,340.744,347.071,312.076,347.905,356.969,340.18,367.533,362.01,365.871
176,2019,33,108067,108067,103-105 Queen Street MELBOURNE 3000,Melbourne (CBD),Chaise Lounge,140,144.96081,-37.81615,0.0,481.563,914.814,899.276,901.261,841.146,915.996,917.977,860.489,927.202,894.479,928.826
177,2019,33,110148,110148,98-110 William Street MELBOURNE 3000,Melbourne (CBD),The Australian Club,280,144.95912,-37.81675,342.909,360.672,395.991,368.458,407.173,363.805,403.864,403.673,362.425,409.692,387.031,352.398
178,2019,33,102131,110666,394 Collins Street MELBOURNE 3000,Melbourne (CBD),The Bank On Collins,300,144.96108,-37.81662,290.116,373.889,376.69,403.9,413.026,376.854,416.163,422.131,347.349,431.354,354.937,383.7
179,2019,37,102158,102158,86-88 Collins Street MELBOURNE 3000,Melbourne (CBD),Collins Quarter,290,144.97058,-37.81394,490.624,522.777,560.123,558.081,533.523,501.682,543.069,578.221,529.496,490.314,516.908,519.241
180,2019,37,102158,102158,86-88 Collins Street MELBOURNE 3000,Melbourne (CBD),Pink Alley Bar,83,144.97058,-37.81394,490.624,522.777,560.123,558.081,533.523,501.682,543.069,578.221,529.496,490.314,516.908,519.241
181,2019,41,105948,105948,582-584 Little Collins Street MELBOURNE 3000,Melbourne (CBD),Saint & Rogue,300,144.95535,-37.81742,430.13,570.701,613.468,502.072,535.285,516.678,659.655,683.884,458.228,494.141,505.198,395.132
182,2019,42,105392,105392,120-138 King Street MELBOURNE 3000,Melbourne (CBD),El Coco,500,144.95641,-37.81703,237.606,263.939,285.174,250.959,283.872,244.067,278.627,282.38,260.466,297.545,280.372,253.767
183,2019,43,101154,101154,483-501 Bourke Street MELBOURNE 3000,Melbourne (CBD),RACV City Club,150,144.95958,-37.81589,280.993,271.087,302.522,299.794,294.205,276.428,307.536,307.516,291.449,317.614,314.523,371.483
184,2019,43,108068,108068,111-129 Queen Street MELBOURNE 3000,Melbourne (CBD),CitiClub On Queen Hotel,940,144.96063,-37.81581,339.216,327.387,365.052,361.806,355.178,333.558,371.272,371.047,351.73,383.831,380.613,448.716
185,2019,43,108068,108068,111-129 Queen Street MELBOURNE 3000,Melbourne (CBD),Da Ha,200,144.96063,-37.81581,339.216,327.387,365.052,361.806,355.178,333.558,371.272,371.047,351.73,383.831,380.613,448.716
186,2019,43,108068,108068,111-129 Queen Street MELBOURNE 3000,Melbourne (CBD),CQ Bar,80,144.96063,-37.81581,339.216,327.387,365.052,361.806,355.178,333.558,371.272,371.047,351.73,383.831,380.613,448.716
187,2019,43,108069,108069,131-141 Queen Street MELBOURNE 3000,Melbourne (CBD),The Turf Bar & Restaurant,527,144.96053,-37.8155,335.292,323.523,361.019,357.728,351.099,329.847,366.977,366.966,347.795,379.036,375.351,443.185
188,2019,48,101109,101109,39-43 Bourke Street MELBOURNE 3000,Melbourne (CBD),Spleen Central,100,144.97205,-37.81194,240.897,268.306,286.33,269.268,301.082,266.485,300.694,231.3,267.155,300.101,111.38,235.033
189,2019,48,101113,101113,59-63 Bourke Street MELBOURNE 3000,Melbourne (CBD),Club Asuka,150,144.97157,-37.81212,249.96,284.334,315.753,300.577,374.981,306.821,331.558,341.355,316.312,335.741,258.215,274.802
190,2019,48,101116,101116,79-85 Bourke Street MELBOURNE 3000,Melbourne (CBD),Good Heavens,400,144.97104,-37.81218,397.228,446.603,480.299,434.937,475.676,413.532,469.926,508.241,437.043,240.444,466.348,423.181
191,2019,48,103626,103626,114-122 Exhibition Street MELBOURNE 3000,Melbourne (CBD),European Bier Cafe,550,144.9712,-37.81286,347.316,391.509,418.002,417.604,399.527,374.63,410.276,463.061,421.045,374.733,396.089,398.321
192,2019,48,105968,105968,62-66 Little Collins Street MELBOURNE 3000,Melbourne (CBD),Magic Mountain Saloon,285,144.97144,-37.81281,341.406,384.001,410.225,409.037,391.799,367.552,403.354,448.357,410.196,359.305,377.339,388.78
193,2019,48,503031,503031,19-23 Meyers Place MELBOURNE 3000,Melbourne (CBD),Loop Project Space & Bar,152,144.97211,-37.81215,247.828,275.806,293.802,275.901,306.882,272.596,308.305,234.272,273.016,305.752,110.257,240.586
194,2019,51,108963,108963,672-696 Bourke Street MELBOURNE 3000,Melbourne (CBD),Mail Exchange Hotel,600,144.95359,-37.81663,558.353,750.163,806.499,660.356,695.881,681.787,873.671,908.37,590.761,632.084,653.109,502.997
195,2019,52,592048,592048,188-202 King Street MELBOURNE 3000,Melbourne (CBD),La Di Da,458,144.95562,-37.81551,185.204,205.915,222.392,195.817,221.106,190.174,216.86,220.07,203.026,231.882,218.643,197.884
196,2019,53,110145,110145,170-176 William Street MELBOURNE 3000,Melbourne (CBD),Pho Melbourne,50,144.95822,-37.81492,342.428,356.834,393.312,370.733,402.262,361.717,398.916,401.601,362.184,404.032,383.66,354.127
197,2019,57,101212,101212,152-158 Bourke Street MELBOURNE 3000,Melbourne (CBD),Charltons Entertainment Complex / Roxanne Bar,1500,144.96852,-37.81196,413.912,441.123,476.317,473.646,458.017,437.106,478.971,409.935,451.965,517.224,266.465,416.37
198,2019,57,101214,101214,146-150 Bourke Street MELBOURNE 3000,Melbourne (CBD),FM Karaoke Bar,100,144.96874,-37.81235,530.246,543.537,611.542,625.376,579.992,561.281,590.803,605.043,594.276,656.177,532.0,558.991
199,2019,57,101216,101216,21-25 Croft Alley MELBOURNE 3000,Melbourne (CBD),The Croft Institute,250,144.96909,-37.81206,481.528,493.057,556.033,568.488,527.593,510.589,537.118,549.365,540.693,598.653,483.221,507.549
200,2019,57,101217,101217,124-128 Bourke Street MELBOURNE 3000,Melbourne (CBD),Welcome Stranger,350,144.96926,-37.81207,455.64,466.736,526.153,537.425,499.52,483.195,508.751,517.559,511.165,566.926,452.729,479.377
201,2019,57,101218,101218,118-122 Bourke Street MELBOURNE 3000,Melbourne (CBD),Fireflies Club,72,144.96955,-37.81207,418.679,429.178,483.502,493.162,459.404,444.085,468.211,472.485,469.106,521.594,409.735,439.307
202,2019,57,101221,101221,94-96 Bourke Street MELBOURNE 3000,Melbourne (CBD),The Elephant and Wheelbarrow,450,144.97024,-37.81191,298.4,329.411,363.467,360.729,406.09,348.832,370.644,404.301,365.592,391.486,334.614,331.865
203,2019,58,101230,101230,54-62 Bourke Street MELBOURNE 3000,Melbourne (CBD),Romeo Lane,99,144.97138,-37.81155,237.754,264.22,277.848,269.807,272.455,255.321,287.995,221.473,264.593,311.112,102.377,236.246
204,2019,58,101236,101236,12 Bourke Street MELBOURNE 3000,Melbourne (CBD),Angel Music Bar,125,144.97251,-37.81125,216.869,241.341,255.543,233.895,256.278,228.561,262.474,208.142,230.225,216.692,121.144,209.452
205,2019,58,101238,101238,2-8 Bourke Street MELBOURNE 3000,Melbourne (CBD),Imperial Hotel,894,144.97268,-37.8112,211.562,235.481,249.401,228.168,250.218,222.98,256.039,203.915,224.698,210.403,119.853,204.546
206,2019,58,105657,105657,21 Liverpool Street MELBOURNE 3000,Melbourne (CBD),Double Happiness Bar / New Gold Mountain,164,144.97126,-37.81118,210.864,235.52,246.94,230.991,247.881,225.034,256.946,190.193,230.238,271.915,90.119,202.538
207,2019,58,105828,105828,19-25 Little Bourke Street MELBOURNE 3000,Melbourne (CBD),Mrs Parma's,300,144.97199,-37.81074,262.522,296.136,316.67,320.881,303.645,286.353,311.268,356.339,324.051,300.994,303.074,305.443
208,2019,58,105829,105829,37-41 Little Bourke Street MELBOURNE 3000,Melbourne (CBD),Juliet Melbourne,100,144.97151,-37.81084,291.185,328.68,353.202,312.065,356.76,303.062,346.681,370.12,317.832,174.81,345.434,304.839
209,2019,58,108986,108986,161 Spring Street MELBOURNE 3000,Melbourne (CBD),The European,703,144.97243,-37.81095,253.463,285.907,305.734,307.602,293.621,275.519,300.388,342.578,310.682,282.414,292.947,293.225
210,2019,61,105308,105308,203-207 King Street MELBOURNE 3000,Melbourne (CBD),Bar Humbug,30,144.95497,-37.81539,323.245,446.235,478.642,386.104,405.358,400.621,520.995,543.493,342.556,364.317,380.279,286.725
211,2019,61,105716,105716,597-603 Lonsdale Street MELBOURNE 3000,Melbourne (CBD),The Men's Gallery,675,144.95449,-37.8149,314.573,437.324,468.898,377.233,395.039,391.956,511.41,534.05,333.097,353.382,370.234,277.303
212,2019,61,105858,105858,590-592 Little Bourke Street MELBOURNE 3000,Melbourne (CBD),Holey Moley Golf Club,700,144.9547,-37.81534,331.587,458.721,491.981,396.569,415.991,411.648,535.86,559.183,351.287,373.305,390.119,293.543
213,2019,63,105867,105867,428-432 Little Bourke Street MELBOURNE 3000,Melbourne (CBD),Denmark House/The Danish Club,100,144.95973,-37.81393,564.491,557.633,610.858,574.895,571.489,537.975,585.209,600.457,565.014,621.254,612.087,660.515
214,2019,67,102198,102198,22-26 Corrs Lane MELBOURNE 3000,Melbourne (CBD),Playground,50,144.96832,-37.811,561.045,594.345,667.241,685.359,614.835,602.848,588.289,606.806,541.689,565.835,610.869,636.98
215,2019,67,102199,102199,16-20 Corrs Lane MELBOURNE 3000,Melbourne (CBD),Euro House / Pulp Club,200,144.96839,-37.81113,542.899,571.279,650.855,668.284,600.585,589.424,570.791,587.507,527.602,560.222,600.085,618.119
216,2019,67,102199,102199,16-20 Corrs Lane MELBOURNE 3000,Melbourne (CBD),House of Maximon / Berlin Bar,300,144.96839,-37.81113,542.899,571.279,650.855,668.284,600.585,589.424,570.791,587.507,527.602,560.222,600.085,618.119
217,2019,67,102200,102200,12-14 Corrs Lane MELBOURNE 3000,Melbourne (CBD),Fad Gallery,80,144.96843,-37.81123,548.077,577.071,657.02,674.737,606.226,594.995,576.437,593.694,533.095,565.767,605.663,624.271
218,2019,67,105673,105673,103-105 Lonsdale Street MELBOURNE 3000,Melbourne (CBD),Bomba Tapas Bar and Rooftop,145,144.96925,-37.81049,296.305,325.999,362.233,360.462,405.995,348.284,368.137,409.721,366.208,391.313,347.765,332.165
219,2019,67,105675,105675,113 Lonsdale Street MELBOURNE 3000,Melbourne (CBD),Seamstress,160,144.96901,-37.81057,295.715,324.13,359.549,358.783,398.385,344.419,364.064,404.589,362.535,386.725,344.756,330.527
220,2019,67,108581,108581,226-236 Russell Street MELBOURNE 3000,Melbourne (CBD),Heartbreaker,166,144.96764,-37.81098,640.203,681.778,764.398,786.124,703.292,690.5,672.172,694.72,618.462,645.096,698.309,732.552
221,2019,68,105900,105900,40-46 Little Bourke Street MELBOURNE 3000,Melbourne (CBD),Longsong,250,144.97118,-37.81059,368.254,392.003,419.184,425.203,399.874,379.546,406.637,438.715,405.986,419.125,392.872,394.274
222,2019,71,105318,105318,277-287 King Street MELBOURNE 3000,Melbourne (CBD),Hotel Sophia,116,144.9542,-37.81368,223.905,249.384,270.847,237.122,270.089,235.78,273.98,274.609,243.519,277.023,261.307,233.736
223,2019,72,110106,110106,263-267 William Street MELBOURNE 3000,Melbourne (CBD),Metropolitan Hotel,300,144.95658,-37.81292,406.728,401.329,440.635,416.961,418.102,393.327,427.416,436.34,407.197,448.508,440.221,468.568
224,2019,77,108573,108573,270 Russell Street MELBOURNE 3000,Melbourne (CBD),Whisky and Alement,90,144.96716,-37.81011,579.461,616.159,695.034,694.134,638.631,602.973,643.217,710.939,649.015,671.807,622.26,652.072
225,2019,77,108573,108573,270 Russell Street MELBOURNE 3000,Melbourne (CBD),Melbourne Whisky Room,50,144.96716,-37.81011,579.461,616.159,695.034,694.134,638.631,602.973,643.217,710.939,649.015,671.807,622.26,652.072
226,2019,78,103618,103618,242-284 Exhibition Street MELBOURNE 3000,Melbourne (CBD),Coopers Inn,400,144.96998,-37.80942,365.793,382.154,414.547,428.374,389.754,377.522,399.295,433.913,402.502,418.83,390.716,393.174
227,2019,78,110724,580091,17 Casselden Place MELBOURNE 3000,Melbourne (CBD),Little Lon Distilling Co.,20,144.97073,-37.8092,318.366,332.79,360.947,372.851,339.927,328.846,347.852,378.061,350.506,364.666,340.176,342.265
228,2019,87,106057,106057,106 Little Lonsdale Street MELBOURNE 3000,Melbourne (CBD),Troika Bar,60,144.96859,-37.80915,354.44,374.128,404.667,415.312,392.26,371.313,393.636,428.736,393.744,408.351,380.873,382.285
229,2019,87,106059,106059,100 Little Lonsdale Street MELBOURNE 3000,Melbourne (CBD),Gami Chicken and Beer,73,144.96872,-37.80914,352.228,371.932,402.347,412.824,390.523,369.327,391.533,426.525,391.602,406.199,378.733,380.012
230,2019,87,108567,108567,300 Russell Street MELBOURNE 3000,Melbourne (CBD),Jankara Karaoke,80,144.9669,-37.80952,457.342,185.955,1069.797,1021.848,901.464,843.568,899.418,1001.311,890.812,941.56,907.445,925.148
231,2019,95,109314,109314,401-405 Swanston Street MELBOURNE 3000,Melbourne (CBD),Imix Club & Bar,360,144.96322,-37.80904,0.0,0.0,0.0,0.0,0.0,0.0,0.0,0.0,0.0,1228.88,1087.833,1005.035
232,2019,95,109314,109314,401-405 Swanston Street MELBOURNE 3000,Melbourne (CBD),Little Jax,189,144.96322,-37.80904,0.0,0.0,0.0,0.0,0.0,0.0,0.0,0.0,0.0,1228.88,1087.833,1005.035
233,2019,96,606638,105490,124 La Trobe Street MELBOURNE 3000,Melbourne (CBD),Pearson and Murphy's Cafe,156,144.96455,-37.80818,0.0,0.0,0.0,0.0,0.0,0.0,0.0,0.0,0.0,310.327,260.877,263.365
234,2019,97,105493,105493,52 La Trobe Street MELBOURNE 3000,Melbourne (CBD),Karaoke Box,300,144.96725,-37.80829,0.0,0.0,0.0,0.0,0.0,0.0,306.545,402.401,327.288,364.589,263.24,225.952
235,2019,710,108617,108617,Royce Hotel 375-385 St Kilda Road MELBOURNE VIC 3004,Melbourne (Remainder),Royce Hotel,120,144.97554,-37.83509,197.152,140.096,156.074,138.314,113.8,98.575,110.306,110.792,108.471,124.409,116.989,140.121
236,2019,724,106798,106798,557 St Kilda Road MELBOURNE VIC 3004,Melbourne (Remainder),Ormond Collective,350,144.98134,-37.84752,111.091,79.055,88.072,78.034,64.125,55.522,62.118,62.379,61.086,70.079,65.872,78.949
237,2019,730,110401,110401,334-342 City Road SOUTHBANK VIC 3006,Southbank,Urban Central Accomodation/Bar334,290,144.95735,-37.82784,247.199,268.811,292.196,260.877,296.035,241.045,290.273,293.741,261.548,300.433,284.243,261.906
238,2019,730,110473,110473,65-73 Haig Street SOUTHBANK VIC 3006,Southbank,The Backlot Studios,78,144.95656,-37.82788,246.366,268.118,292.905,260.233,295.626,240.35,289.785,293.018,262.111,298.386,285.239,262.385
239,2019,733,110399,110399,105-107 Clarendon Street SOUTHBANK VIC 3006,Southbank,The Cloakroom Bar,50,144.95825,-37.82712,261.426,284.222,308.844,275.849,312.945,254.704,306.697,310.379,276.237,317.874,300.443,277.047
240,2019,752,108653,110733,Theatres 100 St Kilda Road SOUTHBANK VIC 3006,Southbank,The Barre,300,144.96817,-37.82095,1544.953,1144.343,1347.208,1247.251,991.416,884.485,990.182,956.868,949.971,1096.505,927.78,1203.345
241,2019,753,110606,110380,Southgate 3 Southgate Avenue SOUTHBANK VIC 3006,Southbank,Waterslide Bar,200,144.9663,-37.82071,1005.413,1057.916,1028.759,0.0,334.467,477.757,573.214,593.581,572.664,661.964,671.255,625.955
242,2019,753,110606,110380,Southgate 3 Southgate Avenue SOUTHBANK VIC 3006,Southbank,P J O'Briens Irish Pub & Side Bar,549,144.9663,-37.82071,1005.413,1057.916,1028.759,0.0,334.467,477.757,573.214,593.581,572.664,661.964,671.255,625.955
243,2019,801,110326,110326,4 Riverside Quay SOUTHBANK VIC 3006,Southbank,Soho Restaurant & Bar,200,144.96338,-37.82092,0.0,777.304,1276.69,1220.715,1222.884,1130.582,1228.986,1233.66,1161.571,1273.099,1212.874,1274.932
244,2019,801,110335,110335,1-9 Southbank Boulevard SOUTHBANK VIC 3006,Southbank,Left Bank Melbourne,400,144.96286,-37.82106,0.0,687.304,1142.494,1094.732,1098.405,1016.378,1104.701,1109.045,1043.365,1142.367,1088.768,1142.151
245,2019,801,559161,559161,Eureka Tower 3-7 Riverside Quay SOUTHBANK VIC 3006,Southbank,Belgian Beer Cafe Melbourne,638,144.96453,-37.82167,856.495,717.392,829.347,978.664,745.109,730.533,834.786,803.675,759.328,807.55,780.973,776.84
246,2019,803,111175,110477,Crown Entertainment Complex 8 Whiteman Street SOUTHBANK VIC 3006,Southbank,R Bar by Rockpool,120,144.95835,-37.82315,437.283,475.355,516.518,461.364,523.341,425.717,512.601,518.768,461.612,532.108,502.548,463.707
247,2019,803,111175,110477,Crown Entertainment Complex 8 Whiteman Street SOUTHBANK VIC 3006,Southbank,The Pub at Crown,650,144.95835,-37.82315,437.283,475.355,516.518,461.364,523.341,425.717,512.601,518.768,461.612,532.108,502.548,463.707
248,2019,803,111175,110477,Crown Entertainment Complex 8 Whiteman Street SOUTHBANK VIC 3006,Southbank,Groove Live Bar and Terrace,600,144.95835,-37.82315,437.283,475.355,516.518,461.364,523.341,425.717,512.601,518.768,461.612,532.108,502.548,463.707
249,2019,803,111175,110477,Crown Entertainment Complex 8 Whiteman Street SOUTHBANK VIC 3006,Southbank,Jackpot Bar,80,144.95835,-37.82315,437.283,475.355,516.518,461.364,523.341,425.717,512.601,518.768,461.612,532.108,502.548,463.707
250,2019,803,597190,110477,Crown Towers Hotel 8 Whiteman Street SOUTHBANK VIC 3006,Southbank,Club 23,450,144.95835,-37.82315,437.283,475.355,516.518,461.364,523.341,425.717,512.601,518.768,461.612,532.108,502.548,463.707
251,2019,803,111175,110477,Crown Entertainment Complex 8 Whiteman Street SOUTHBANK VIC 3006,Southbank,Crown Entertainment Complex,320,144.95835,-37.82315,437.283,475.355,516.518,461.364,523.341,425.717,512.601,518.768,461.612,532.108,502.548,463.707
252,2019,803,111175,110477,Crown Entertainment Complex 8 Whiteman Street SOUTHBANK VIC 3006,Southbank,Lumia Bar,140,144.95835,-37.82315,437.283,475.355,516.518,461.364,523.341,425.717,512.601,518.768,461.612,532.108,502.548,463.707
253,2019,803,111175,110477,Crown Entertainment Complex 8 Whiteman Street SOUTHBANK VIC 3006,Southbank,Atrium Bar,100,144.95835,-37.82315,437.283,475.355,516.518,461.364,523.341,425.717,512.601,518.768,461.612,532.108,502.548,463.707
254,2019,803,111175,110477,Crown Entertainment Complex 8 Whiteman Street SOUTHBANK VIC 3006,Southbank,Velvet Bar,200,144.95835,-37.82315,437.283,475.355,516.518,461.364,523.341,425.717,512.601,518.768,461.612,532.108,502.548,463.707
255,2019,804,110988,110988,29-65 South Wharf Promenade SOUTH WHARF VIC 3006,Southbank,Munich Brau Haus,1100,144.9505,-37.82411,173.206,182.499,195.595,175.755,194.876,132.442,150.565,152.017,107.25,271.769,202.904,224.076
256,2019,804,110988,110988,29-65 South Wharf Promenade SOUTH WHARF VIC 3006,Southbank,Plus 5,90,144.9505,-37.82411,173.206,182.499,195.595,175.755,194.876,132.442,150.565,152.017,107.25,271.769,202.904,224.076
257,2019,806,110343,640947,Crown Casino Retail Precinct 27-45 Whiteman Street SOUTHBANK VIC 3006,Southbank,Kingpin Bowling Crown / Playtime,347,144.95861,-37.82576,447.391,350.163,386.985,336.329,274.232,231.859,255.209,248.244,244.944,301.847,264.226,327.824
258,2019,807,108054,108054,40-56 Queens Bridge Street SOUTHBANK VIC 3006,Southbank,Mesh/Tonic Bar,300,144.96001,-37.82399,246.672,221.079,239.657,211.432,203.763,176.635,194.153,190.552,180.369,224.965,196.55,211.583
259,2019,813,110349,110349,1-23 City Road SOUTHBANK VIC 3006,Southbank,Testing Ground,500,144.96753,-37.82137,1100.858,659.165,1008.632,1428.084,1041.519,955.668,1093.851,1046.644,1014.076,1138.505,815.444,1198.214
260,2019,861,102503,102503,161-173 Domain Road SOUTH YARRA VIC 3141,South Yarra,Botanical Hotel,245,144.9817,-37.83432,116.497,66.691,108.698,163.22,117.1,111.891,129.951,125.886,120.412,134.27,94.017,138.305
