,Sensor_ID,Month,Hourly_Counts,latitude,longitude
0,1,April,1005854,-37.8134944,144.96515324
1,1,August,838069,-37.8134944,144.96515324
2,1,December,1192463,-37.8134944,144.96515324
3,1,February,881310,-37.8134944,144.96515324
4,1,January,871901,-37.8134944,144.96515324
5,1,July,895441,-37.8134944,144.96515324
6,1,June,954095,-37.8134944,144.96515324
7,1,March,1009342,-37.8134944,144.96515324
8,1,May,979720,-37.8134944,144.96515324
9,1,November,1037267,-37.8134944,144.96515324
10,1,October,1028681,-37.8134944,144.96515324
11,1,September,943758,-37.8134944,144.96515324
12,2,April,695109,-37.81380667,144.96516719
13,2,August,641791,-37.81380667,144.96516719
14,2,December,927155,-37.81380667,144.96516719
15,2,February,636002,-37.81380667,144.96516719
16,2,January,704858,-37.81380667,144.96516719
17,2,July,694330,-37.81380667,144.96516719
18,2,June,621169,-37.81380667,144.96516719
19,2,March,702649,-37.81380667,144.96516719
20,2,May,649206,-37.81380667,144.96516719
21,2,November,744945,-37.81380667,144.96516719
22,2,October,477010,-37.81380667,144.96516719
23,2,September,643780,-37.81380667,144.96516719
24,3,April,1014705,-37.81101523,144.96429485
25,3,August,981893,-37.81101523,144.96429485
26,3,December,911297,-37.81101523,144.96429485
27,3,February,87900,-37.81101523,144.96429485
28,3,January,407363,-37.81101523,144.96429485
29,3,July,888107,-37.81101523,144.96429485
30,3,June,833350,-37.81101523,144.96429485
31,3,March,1069562,-37.81101523,144.96429485
32,3,May,892013,-37.81101523,144.96429485
33,3,November,901523,-37.81101523,144.96429485
34,3,October,919197,-37.81101523,144.96429485
35,3,September,869674,-37.81101523,144.96429485
36,4,April,1148257,-37.81487988,144.9660878
37,4,August,1064689,-37.81487988,144.9660878
38,4,December,1244392,-37.81487988,144.9660878
39,4,February,969427,-37.81487988,144.9660878
40,4,January,1035715,-37.81487988,144.9660878
41,4,July,1042025,-37.81487988,144.9660878
42,4,June,960811,-37.81487988,144.9660878
43,4,March,1117448,-37.81487988,144.9660878
44,4,May,1008211,-37.81487988,144.9660878
45,4,November,1074747,-37.81487988,144.9660878
46,4,October,1047186,-37.81487988,144.9660878
47,4,September,971314,-37.81487988,144.9660878
48,5,April,1381018,-37.81874249,144.96787656
49,5,August,963378,-37.81874249,144.96787656
50,5,December,1068849,-37.81874249,144.96787656
51,5,February,375949,-37.81874249,144.96787656
52,5,January,799066,-37.81874249,144.96787656
53,5,July,1012406,-37.81874249,144.96787656
54,5,June,879108,-37.81874249,144.96787656
55,5,March,751351,-37.81874249,144.96787656
56,5,May,958937,-37.81874249,144.96787656
57,5,November,673975,-37.81874249,144.96787656
58,5,October,1028104,-37.81874249,144.96787656
59,5,September,925437,-37.81874249,144.96787656
60,6,April,953646,-37.81911704,144.96558256
61,6,August,1051024,-37.81911704,144.96558256
62,6,December,1187116,-37.81911704,144.96558256
63,6,February,1028553,-37.81911704,144.96558256
64,6,January,1015331,-37.81911704,144.96558256
65,6,July,1030584,-37.81911704,144.96558256
66,6,June,944617,-37.81911704,144.96558256
67,6,March,1080389,-37.81911704,144.96558256
68,6,May,1040433,-37.81911704,144.96558256
69,6,November,1105507,-37.81911704,144.96558256
70,6,October,1151298,-37.81911704,144.96558256
71,6,September,1008301,-37.81911704,144.96558256
72,7,April,114796,-37.81862929,144.97169395
73,7,August,324685,-37.81862929,144.97169395
74,7,December,209144,-37.81862929,144.97169395
75,7,January,175023,-37.81862929,144.97169395
76,7,July,220287,-37.81862929,144.97169395
77,7,June,158011,-37.81862929,144.97169395
78,7,May,191541,-37.81862929,144.97169395
79,7,November,320917,-37.81862929,144.97169395
80,7,October,187365,-37.81862929,144.97169395
81,7,September,234255,-37.81862929,144.97169395
82,8,April,153070,-37.82293543,144.94717511
83,8,August,145010,-37.82293543,144.94717511
84,8,December,146969,-37.82293543,144.94717511
85,8,February,150844,-37.82293543,144.94717511
86,8,January,150208,-37.82293543,144.94717511
87,8,July,153789,-37.82293543,144.94717511
88,8,June,139861,-37.82293543,144.94717511
89,8,March,158362,-37.82293543,144.94717511
90,8,May,153803,-37.82293543,144.94717511
91,8,November,137905,-37.82293543,144.94717511
92,8,October,54501,-37.82293543,144.94717511
93,8,September,140774,-37.82293543,144.94717511
94,9,April,507769,-37.81982992,144.95102556
95,9,August,621154,-37.81982992,144.95102556
96,9,December,442756,-37.81982992,144.95102556
97,9,February,578640,-37.81982992,144.95102556
98,9,January,485848,-37.81982992,144.95102556
99,9,July,626759,-37.81982992,144.95102556
100,9,June,552168,-37.81982992,144.95102556
101,9,March,557598,-37.81982992,144.95102556
102,9,May,661180,-37.81982992,144.95102556
103,9,November,536952,-37.81982992,144.95102556
104,9,October,638250,-37.81982992,144.95102556
105,9,September,561239,-37.81982992,144.95102556
106,10,April,131236,-37.81876473,144.94710545
107,10,August,155035,-37.81876473,144.94710545
108,10,December,118312,-37.81876473,144.94710545
109,10,February,128070,-37.81876473,144.94710545
110,10,January,117649,-37.81876473,144.94710545
111,10,July,155495,-37.81876473,144.94710545
112,10,June,136946,-37.81876473,144.94710545
113,10,March,129828,-37.81876473,144.94710545
114,10,May,155687,-37.81876473,144.94710545
115,10,November,134816,-37.81876473,144.94710545
116,10,October,148106,-37.81876473,144.94710545
117,10,September,131525,-37.81876473,144.94710545
118,11,April,50607,-37.81564989,144.93970695
119,11,August,31232,-37.81564989,144.93970695
120,11,December,54072,-37.81564989,144.93970695
121,11,February,79656,-37.81564989,144.93970695
122,11,January,122446,-37.81564989,144.93970695
123,11,July,32819,-37.81564989,144.93970695
124,11,June,57516,-37.81564989,144.93970695
125,11,March,23748,-37.81564989,144.93970695
126,11,May,33525,-37.81564989,144.93970695
127,11,November,38037,-37.81564989,144.93970695
128,11,October,39842,-37.81564989,144.93970695
129,11,September,33821,-37.81564989,144.93970695
130,12,April,197298,-37.81457987,144.94292398
131,12,August,147372,-37.81457987,144.94292398
132,12,December,203969,-37.81457987,144.94292398
133,12,February,184851,-37.81457987,144.94292398
134,12,January,216206,-37.81457987,144.94292398
135,12,July,152258,-37.81457987,144.94292398
136,12,June,190142,-37.81457987,144.94292398
137,12,March,187274,-37.81457987,144.94292398
138,12,May,149720,-37.81457987,144.94292398
139,12,November,167909,-37.81457987,144.94292398
140,12,October,161291,-37.81457987,144.94292398
141,12,September,107890,-37.81457987,144.94292398
142,14,April,360304,-37.82011242,144.96291898
143,14,August,376634,-37.82011242,144.96291898
144,14,December,286464,-37.82011242,144.96291898
145,14,February,366212,-37.82011242,144.96291898
146,14,January,360679,-37.82011242,144.96291898
147,14,July,368304,-37.82011242,144.96291898
148,14,June,335867,-37.82011242,144.96291898
149,14,March,300880,-37.82011242,144.96291898
150,14,May,368713,-37.82011242,144.96291898
151,14,November,258041,-37.82011242,144.96291898
152,14,October,378781,-37.82011242,144.96291898
153,14,September,270735,-37.82011242,144.96291898
154,15,April,648805,-37.81064378,144.96447132
155,15,August,686773,-37.81064378,144.96447132
156,15,December,645493,-37.81064378,144.96447132
157,15,February,548975,-37.81064378,144.96447132
158,15,January,494944,-37.81064378,144.96447132
159,15,July,590365,-37.81064378,144.96447132
160,15,June,544979,-37.81064378,144.96447132
161,15,March,721014,-37.81064378,144.96447132
162,15,May,629563,-37.81064378,144.96447132
163,15,November,563656,-37.81064378,144.96447132
164,15,October,637573,-37.81064378,144.96447132
165,15,September,604454,-37.81064378,144.96447132
166,17,April,334071,-37.81362542,144.97323592
167,17,August,399639,-37.81362542,144.97323592
168,17,December,327944,-37.81362542,144.97323592
169,17,February,354044,-37.81362542,144.97323592
170,17,January,315492,-37.81362542,144.97323592
171,17,July,373011,-37.81362542,144.97323592
172,17,June,324060,-37.81362542,144.97323592
173,17,March,382181,-37.81362542,144.97323592
174,17,May,382329,-37.81362542,144.97323592
175,17,November,376933,-37.81362542,144.97323592
176,17,October,130251,-37.81362542,144.97323592
177,17,September,334173,-37.81362542,144.97323592
178,18,April,233643,-37.81344861,144.97305354
179,18,August,271619,-37.81344861,144.97305354
180,18,December,227049,-37.81344861,144.97305354
181,18,February,258318,-37.81344861,144.97305354
182,18,January,222458,-37.81344861,144.97305354
183,18,July,269943,-37.81344861,144.97305354
184,18,June,235445,-37.81344861,144.97305354
185,18,March,269939,-37.81344861,144.97305354
186,18,May,283516,-37.81344861,144.97305354
187,18,November,254892,-37.81344861,144.97305354
188,18,October,275854,-37.81344861,144.97305354
189,18,September,259451,-37.81344861,144.97305354
190,19,April,504170,-37.81237202,144.96550671
191,19,August,409279,-37.81237202,144.96550671
192,19,December,471799,-37.81237202,144.96550671
193,19,February,430093,-37.81237202,144.96550671
194,19,January,402761,-37.81237202,144.96550671
195,19,July,411757,-37.81237202,144.96550671
196,19,June,443538,-37.81237202,144.96550671
197,19,March,492947,-37.81237202,144.96550671
198,19,May,449919,-37.81237202,144.96550671
199,19,November,443735,-37.81237202,144.96550671
200,19,October,371802,-37.81237202,144.96550671
201,19,September,354831,-37.81237202,144.96550671
202,20,April,330153,-37.81172913,144.9682466
203,20,August,356742,-37.81172913,144.9682466
204,20,December,311778,-37.81172913,144.9682466
205,20,February,290179,-37.81172913,144.9682466
206,20,January,257471,-37.81172913,144.9682466
207,20,July,303081,-37.81172913,144.9682466
208,20,June,284197,-37.81172913,144.9682466
209,20,March,309029,-37.81172913,144.9682466
210,20,May,286350,-37.81172913,144.9682466
211,20,November,292910,-37.81172913,144.9682466
212,20,October,349430,-37.81172913,144.9682466
213,20,September,331684,-37.81172913,144.9682466
214,21,April,521017,-37.81244703,144.96778757
215,21,August,526404,-37.81244703,144.96778757
216,21,December,480072,-37.81244703,144.96778757
217,21,February,470668,-37.81244703,144.96778757
218,21,January,449123,-37.81244703,144.96778757
219,21,July,486038,-37.81244703,144.96778757
220,21,June,457585,-37.81244703,144.96778757
221,21,March,504387,-37.81244703,144.96778757
222,21,May,471910,-37.81244703,144.96778757
223,21,November,471592,-37.81244703,144.96778757
224,21,October,498162,-37.81244703,144.96778757
225,21,September,485665,-37.81244703,144.96778757
226,22,April,1333821,-37.81786445,144.96506823
227,22,August,1359268,-37.81786445,144.96506823
228,22,December,1346535,-37.81786445,144.96506823
229,22,February,645261,-37.81786445,144.96506823
230,22,July,1356376,-37.81786445,144.96506823
231,22,June,1250112,-37.81786445,144.96506823
232,22,March,1355988,-37.81786445,144.96506823
233,22,May,1337425,-37.81786445,144.96506823
234,22,November,1311400,-37.81786445,144.96506823
235,22,October,1366031,-37.81786445,144.96506823
236,22,September,1271923,-37.81786445,144.96506823
237,23,April,266769,-37.81909256,144.95452749
238,23,August,301302,-37.81909256,144.95452749
239,23,December,274081,-37.81909256,144.95452749
240,23,February,281998,-37.81909256,144.95452749
241,23,January,257814,-37.81909256,144.95452749
242,23,July,306362,-37.81909256,144.95452749
243,23,June,279722,-37.81909256,144.95452749
244,23,March,304888,-37.81909256,144.95452749
245,23,May,309152,-37.81909256,144.95452749
246,23,November,303151,-37.81909256,144.95452749
247,23,October,333927,-37.81909256,144.95452749
248,23,September,283404,-37.81909256,144.95452749
249,24,April,964507,-37.81887962,144.95449198
250,24,August,1101164,-37.81887962,144.95449198
251,24,December,958089,-37.81887962,144.95449198
252,24,February,993208,-37.81887962,144.95449198
253,24,January,910109,-37.81887962,144.95449198
254,24,July,1087198,-37.81887962,144.95449198
255,24,June,895342,-37.81887962,144.95449198
256,24,March,1086273,-37.81887962,144.95449198
257,24,May,1098166,-37.81887962,144.95449198
258,24,November,1054288,-37.81887962,144.95449198
259,24,October,1089498,-37.81887962,144.95449198
260,24,September,984837,-37.81887962,144.95449198
261,25,April,439058,-37.82401776,144.95604426
262,25,August,124109,-37.82401776,144.95604426
263,25,December,811202,-37.82401776,144.95604426
264,25,February,428863,-37.82401776,144.95604426
265,25,January,451455,-37.82401776,144.95604426
266,25,July,95611,-37.82401776,144.95604426
267,25,June,53257,-37.82401776,144.95604426
268,25,March,468063,-37.82401776,144.95604426
269,25,May,423934,-37.82401776,144.95604426
270,25,November,537345,-37.82401776,144.95604426
271,25,October,965404,-37.82401776,144.95604426
272,26,April,458090,-37.80869542,144.96049404
273,26,August,476418,-37.80869542,144.96049404
274,26,December,401642,-37.80869542,144.96049404
275,26,February,389149,-37.80869542,144.96049404
276,26,January,383737,-37.80869542,144.96049404
277,26,July,478321,-37.80869542,144.96049404
278,26,June,452833,-37.80869542,144.96049404
279,26,March,494694,-37.80869542,144.96049404
280,26,May,451626,-37.80869542,144.96049404
281,26,November,422450,-37.80869542,144.96049404
282,26,October,449644,-37.80869542,144.96049404
283,26,September,414913,-37.80869542,144.96049404
284,27,April,102094,-37.80606888,144.95644693
285,27,August,110089,-37.80606888,144.95644693
286,27,December,86444,-37.80606888,144.95644693
287,27,February,98475,-37.80606888,144.95644693
288,27,January,95240,-37.80606888,144.95644693
289,27,July,96748,-37.80606888,144.95644693
290,27,June,81773,-37.80606888,144.95644693
291,27,March,111400,-37.80606888,144.95644693
292,27,May,101659,-37.80606888,144.95644693
293,27,November,91938,-37.80606888,144.95644693
294,27,October,116007,-37.80606888,144.95644693
295,27,September,105748,-37.80606888,144.95644693
296,28,April,1101262,-37.82129924,144.96879309
297,28,August,815103,-37.82129924,144.96879309
298,28,December,732686,-37.82129924,144.96879309
299,28,February,681857,-37.82129924,144.96879309
300,28,January,884885,-37.82129924,144.96879309
301,28,July,868490,-37.82129924,144.96879309
302,28,June,744230,-37.82129924,144.96879309
303,28,March,836962,-37.82129924,144.96879309
304,28,May,728549,-37.82129924,144.96879309
305,28,November,774709,-37.82129924,144.96879309
306,28,October,784497,-37.82129924,144.96879309
307,28,September,772680,-37.82129924,144.96879309
308,29,August,245551,-37.81965808,144.96863453
309,29,December,279113,-37.81965808,144.96863453
310,29,February,710020,-37.81965808,144.96863453
311,29,January,598964,-37.81965808,144.96863453
312,29,July,213410,-37.81965808,144.96863453
313,29,June,164151,-37.81965808,144.96863453
314,29,March,634700,-37.81965808,144.96863453
315,29,May,21844,-37.81965808,144.96863453
316,29,November,323731,-37.81965808,144.96863453
317,29,October,306072,-37.81965808,144.96863453
318,29,September,239907,-37.81965808,144.96863453
319,30,April,410726,-37.81121849,144.96656807
320,30,August,409135,-37.81121849,144.96656807
321,30,December,367248,-37.81121849,144.96656807
322,30,February,345411,-37.81121849,144.96656807
323,30,January,343747,-37.81121849,144.96656807
324,30,July,379061,-37.81121849,144.96656807
325,30,June,366324,-37.81121849,144.96656807
326,30,March,398364,-37.81121849,144.96656807
327,30,May,376767,-37.81121849,144.96656807
328,30,November,388344,-37.81121849,144.96656807
329,30,October,430807,-37.81121849,144.96656807
330,30,September,390685,-37.81121849,144.96656807
331,31,April,172391,-37.8016968,144.96658911
332,31,August,165319,-37.8016968,144.96658911
333,31,December,187154,-37.8016968,144.96658911
334,31,February,177093,-37.8016968,144.96658911
335,31,January,194706,-37.8016968,144.96658911
336,31,July,159907,-37.8016968,144.96658911
337,31,June,158363,-37.8016968,144.96658911
338,31,March,191514,-37.8016968,144.96658911
339,31,May,169701,-37.8016968,144.96658911
340,31,November,186602,-37.8016968,144.96658911
341,31,October,185840,-37.8016968,144.96658911
342,31,September,165207,-37.8016968,144.96658911
343,33,April,118133,-37.81483252,144.97454056
344,33,August,132337,-37.81483252,144.97454056
345,33,February,118849,-37.81483252,144.97454056
346,33,January,114549,-37.81483252,144.97454056
347,33,July,133610,-37.81483252,144.97454056
348,33,June,115061,-37.81483252,144.97454056
349,33,March,129300,-37.81483252,144.97454056
350,33,May,135847,-37.81483252,144.97454056
351,33,September,52550,-37.81483252,144.97454056
352,34,April,116321,-37.81537985,144.9741505
353,34,August,136747,-37.81537985,144.9741505
354,34,December,94563,-37.81537985,144.9741505
355,34,February,104547,-37.81537985,144.9741505
356,34,January,94461,-37.81537985,144.9741505
357,34,July,113320,-37.81537985,144.9741505
358,34,June,85052,-37.81537985,144.9741505
359,34,March,108845,-37.81537985,144.9741505
360,34,May,103805,-37.81537985,144.9741505
361,34,November,100883,-37.81537985,144.9741505
362,34,October,110627,-37.81537985,144.9741505
363,34,September,112127,-37.81537985,144.9741505
364,35,April,1019327,-37.82017828,144.96508877
365,35,August,726588,-37.82017828,144.96508877
366,35,December,977637,-37.82017828,144.96508877
367,35,February,1062057,-37.82017828,144.96508877
368,35,January,1395117,-37.82017828,144.96508877
369,35,July,750612,-37.82017828,144.96508877
370,35,June,682976,-37.82017828,144.96508877
371,35,March,1183184,-37.82017828,144.96508877
372,35,May,799405,-37.82017828,144.96508877
373,35,November,770162,-37.82017828,144.96508877
374,35,October,861390,-37.82017828,144.96508877
375,35,September,733141,-37.82017828,144.96508877
376,36,April,214812,-37.81652527,144.96121063
377,36,August,240292,-37.81652527,144.96121063
378,36,December,218358,-37.81652527,144.96121063
379,36,February,228873,-37.81652527,144.96121063
380,36,January,202057,-37.81652527,144.96121063
381,36,July,233392,-37.81652527,144.96121063
382,36,June,205328,-37.81652527,144.96121063
383,36,March,245590,-37.81652527,144.96121063
384,36,May,240043,-37.81652527,144.96121063
385,36,November,241665,-37.81652527,144.96121063
386,36,October,254897,-37.81652527,144.96121063
387,36,September,223170,-37.81652527,144.96121063
388,37,April,106334,-37.80310271,144.96671452
389,37,August,102369,-37.80310271,144.96671452
390,37,December,112671,-37.80310271,144.96671452
391,37,February,97817,-37.80310271,144.96671452
392,37,January,108837,-37.80310271,144.96671452
393,37,July,102365,-37.80310271,144.96671452
394,37,June,93638,-37.80310271,144.96671452
395,37,March,114434,-37.80310271,144.96671452
396,37,May,98669,-37.80310271,144.96671452
397,37,November,115676,-37.80310271,144.96671452
398,37,October,111083,-37.80310271,144.96671452
399,37,September,98161,-37.80310271,144.96671452
400,39,April,197189,-37.81379749,144.96995745
401,39,August,132679,-37.81379749,144.96995745
402,39,December,165152,-37.81379749,144.96995745
403,39,February,199810,-37.81379749,144.96995745
404,39,January,181529,-37.81379749,144.96995745
405,39,July,221432,-37.81379749,144.96995745
406,39,June,192324,-37.81379749,144.96995745
407,39,March,208880,-37.81379749,144.96995745
408,39,May,206332,-37.81379749,144.96995745
409,39,November,17999,-37.81379749,144.96995745
410,39,October,234741,-37.81379749,144.96995745
411,39,September,188830,-37.81379749,144.96995745
412,40,April,214979,-37.80999341,144.97227588
413,40,August,266445,-37.80999341,144.97227588
414,40,December,198684,-37.80999341,144.97227588
415,40,February,196561,-37.80999341,144.97227588
416,40,January,171063,-37.80999341,144.97227588
417,40,July,235568,-37.80999341,144.97227588
418,40,June,223007,-37.80999341,144.97227588
419,40,March,222759,-37.80999341,144.97227588
420,40,May,281066,-37.80999341,144.97227588
421,40,November,216955,-37.80999341,144.97227588
422,40,October,252753,-37.80999341,144.97227588
423,40,September,232039,-37.80999341,144.97227588
424,41,December,1470360,-37.81668633,144.96689733
425,41,November,1123654,-37.81668633,144.96689733
426,41,October,982823,-37.81668633,144.96689733
427,42,April,220715,-37.80008565,144.96386412
428,42,August,267000,-37.80008565,144.96386412
429,42,December,118286,-37.80008565,144.96386412
430,42,February,169289,-37.80008565,144.96386412
431,42,January,117611,-37.80008565,144.96386412
432,42,July,152560,-37.80008565,144.96386412
433,42,June,116327,-37.80008565,144.96386412
434,42,March,311407,-37.80008565,144.96386412
435,42,May,240238,-37.80008565,144.96386412
436,42,November,162983,-37.80008565,144.96386412
437,42,October,199612,-37.80008565,144.96386412
438,42,September,208020,-37.80008565,144.96386412
439,43,April,164677,-37.79844525,144.96411782
440,43,August,217817,-37.79844525,144.96411782
441,43,December,50258,-37.79844525,144.96411782
442,43,February,93406,-37.79844525,144.96411782
443,43,January,66420,-37.79844525,144.96411782
444,43,July,114284,-37.79844525,144.96411782
445,43,June,111134,-37.79844525,144.96411782
446,43,March,209602,-37.79844525,144.96411782
447,43,May,227640,-37.79844525,144.96411782
448,43,November,85326,-37.79844525,144.96411782
449,43,October,134082,-37.79844525,144.96411782
450,43,September,149689,-37.79844525,144.96411782
451,44,April,75141,-37.79690473,144.96440378
452,44,August,89111,-37.79690473,144.96440378
453,44,December,27639,-37.79690473,144.96440378
454,44,February,53680,-37.79690473,144.96440378
455,44,January,38773,-37.79690473,144.96440378
456,44,July,60895,-37.79690473,144.96440378
457,44,June,56387,-37.79690473,144.96440378
458,44,March,89253,-37.79690473,144.96440378
459,44,May,92402,-37.79690473,144.96440378
460,44,November,47221,-37.79690473,144.96440378
461,44,October,63950,-37.79690473,144.96440378
462,44,September,66402,-37.79690473,144.96440378
463,45,August,684434,-37.81414074,144.9660938
464,45,December,765819,-37.81414074,144.9660938
465,45,January,316115,-37.81414074,144.9660938
466,45,July,659169,-37.81414074,144.9660938
467,45,June,583946,-37.81414074,144.9660938
468,45,May,112614,-37.81414074,144.9660938
469,45,November,674366,-37.81414074,144.9660938
470,45,October,684616,-37.81414074,144.9660938
471,45,September,635022,-37.81414074,144.9660938
472,46,April,87432,-37.80240719,144.96156731
473,46,August,76900,-37.80240719,144.96156731
474,46,December,40236,-37.80240719,144.96156731
475,46,February,56411,-37.80240719,144.96156731
476,46,January,44998,-37.80240719,144.96156731
477,46,July,58895,-37.80240719,144.96156731
478,46,June,56420,-37.80240719,144.96156731
479,46,March,104582,-37.80240719,144.96156731
480,46,May,108376,-37.80240719,144.96156731
481,46,November,66651,-37.80240719,144.96156731
482,46,October,77567,-37.80240719,144.96156731
483,46,September,77615,-37.80240719,144.96156731
484,47,April,688106,-37.81160331,144.96220077
485,47,August,713839,-37.81160331,144.96220077
486,47,December,802147,-37.81160331,144.96220077
487,47,February,662439,-37.81160331,144.96220077
488,47,January,680089,-37.81160331,144.96220077
489,47,July,696657,-37.81160331,144.96220077
490,47,June,643533,-37.81160331,144.96220077
491,47,March,726566,-37.81160331,144.96220077
492,47,May,675960,-37.81160331,144.96220077
493,47,November,730207,-37.81160331,144.96220077
494,47,October,737876,-37.81160331,144.96220077
495,47,September,672015,-37.81160331,144.96220077
496,48,April,194094,-37.80631581,144.95866698
497,48,August,206594,-37.80631581,144.95866698
498,48,December,207354,-37.80631581,144.95866698
499,48,February,192947,-37.80631581,144.95866698
500,48,January,196588,-37.80631581,144.95866698
501,48,July,210726,-37.80631581,144.95866698
502,48,June,191765,-37.80631581,144.95866698
503,48,March,211379,-37.80631581,144.95866698
504,48,May,184452,-37.80631581,144.95866698
505,48,November,205257,-37.80631581,144.95866698
506,48,October,194462,-37.80631581,144.95866698
507,48,September,179613,-37.80631581,144.95866698
508,49,April,124474,-37.80730067,144.95956055
509,49,August,137175,-37.80730067,144.95956055
510,49,December,132729,-37.80730067,144.95956055
511,49,February,112189,-37.80730067,144.95956055
512,49,January,120066,-37.80730067,144.95956055
513,49,July,143560,-37.80730067,144.95956055
514,49,June,126034,-37.80730067,144.95956055
515,49,March,127677,-37.80730067,144.95956055
516,49,May,115982,-37.80730067,144.95956055
517,49,November,135467,-37.80730067,144.95956055
518,49,October,95136,-37.80730067,144.95956055
519,49,September,92844,-37.80730067,144.95956055
520,50,April,190149,-37.79808191,144.96721014
521,50,August,193312,-37.79808191,144.96721014
522,50,December,223798,-37.79808191,144.96721014
523,50,February,180125,-37.79808191,144.96721014
524,50,January,199043,-37.79808191,144.96721014
525,50,July,191883,-37.79808191,144.96721014
526,50,June,187368,-37.79808191,144.96721014
527,50,March,202704,-37.79808191,144.96721014
528,50,May,188217,-37.79808191,144.96721014
529,50,November,205259,-37.79808191,144.96721014
530,50,October,205187,-37.79808191,144.96721014
531,50,September,184287,-37.79808191,144.96721014
532,51,April,103660,-37.80841814,144.95906317
533,51,August,99287,-37.80841814,144.95906317
534,51,December,97110,-37.80841814,144.95906317
535,51,February,98280,-37.80841814,144.95906317
536,51,January,89211,-37.80841814,144.95906317
537,51,July,91950,-37.80841814,144.95906317
538,51,June,87150,-37.80841814,144.95906317
539,51,March,114860,-37.80841814,144.95906317
540,51,May,95544,-37.80841814,144.95906317
541,51,November,94936,-37.80841814,144.95906317
542,51,October,101169,-37.80841814,144.95906317
543,51,September,87344,-37.80841814,144.95906317
544,52,April,307012,-37.81252157,144.9619401
545,52,August,325035,-37.81252157,144.9619401
546,52,December,310402,-37.81252157,144.9619401
547,52,February,294649,-37.81252157,144.9619401
548,52,January,280657,-37.81252157,144.9619401
549,52,July,309749,-37.81252157,144.9619401
550,52,June,276761,-37.81252157,144.9619401
551,52,March,324185,-37.81252157,144.9619401
552,52,May,315261,-37.81252157,144.9619401
553,52,November,328209,-37.81252157,144.9619401
554,52,October,332227,-37.81252157,144.9619401
555,52,September,313040,-37.81252157,144.9619401
556,53,April,519447,-37.8156419,144.965499
557,53,August,526407,-37.8156419,144.965499
558,53,December,663114,-37.8156419,144.965499
559,53,February,464717,-37.8156419,144.965499
560,53,January,488458,-37.8156419,144.965499
561,53,July,531789,-37.8156419,144.965499
562,53,June,476428,-37.8156419,144.965499
563,53,March,516052,-37.8156419,144.965499
564,53,May,504296,-37.8156419,144.965499
565,53,November,558263,-37.8156419,144.965499
566,53,October,552233,-37.8156419,144.965499
567,53,September,501133,-37.8156419,144.965499
568,54,April,141547,-37.804024,144.963084
569,54,August,166983,-37.804024,144.963084
570,54,December,59002,-37.804024,144.963084
571,54,February,92906,-37.804024,144.963084
572,54,January,62066,-37.804024,144.963084
573,54,July,95163,-37.804024,144.963084
574,54,June,87577,-37.804024,144.963084
575,54,March,170999,-37.804024,144.963084
576,54,May,155754,-37.804024,144.963084
577,54,November,94127,-37.804024,144.963084
578,54,October,138340,-37.804024,144.963084
579,54,September,138778,-37.804024,144.963084
580,55,December,669568,-37.80988941,144.96134331
581,55,November,713305,-37.80988941,144.96134331
582,55,October,775283,-37.80988941,144.96134331
583,56,April,233179,-37.81234775,144.96153311
584,56,August,254487,-37.81234775,144.96153311
585,56,December,250344,-37.81234775,144.96153311
586,56,February,217226,-37.81234775,144.96153311
587,56,January,214985,-37.81234775,144.96153311
588,56,July,241852,-37.81234775,144.96153311
589,56,June,223733,-37.81234775,144.96153311
590,56,March,253658,-37.81234775,144.96153311
591,56,May,238458,-37.81234775,144.96153311
592,56,November,196484,-37.81234775,144.96153311
593,56,October,234400,-37.81234775,144.96153311
594,56,September,233349,-37.81234775,144.96153311
595,57,April,575302,-37.8176735,144.95025595
596,57,August,858475,-37.8176735,144.95025595
597,57,December,381787,-37.8176735,144.95025595
598,57,February,686229,-37.8176735,144.95025595
599,57,January,461648,-37.8176735,144.95025595
600,57,July,814354,-37.8176735,144.95025595
601,57,June,605363,-37.8176735,144.95025595
602,57,March,733140,-37.8176735,144.95025595
603,57,May,587826,-37.8176735,144.95025595
604,57,November,545572,-37.8176735,144.95025595
605,57,October,501537,-37.8176735,144.95025595
606,57,September,484880,-37.8176735,144.95025595
607,58,April,578578,-37.81686074,144.95358075
608,58,August,628506,-37.81686074,144.95358075
609,58,December,545728,-37.81686074,144.95358075
610,58,February,557128,-37.81686074,144.95358075
611,58,January,535146,-37.81686074,144.95358075
612,58,July,628781,-37.81686074,144.95358075
613,58,June,571098,-37.81686074,144.95358075
614,58,March,613387,-37.81686074,144.95358075
615,58,May,633535,-37.81686074,144.95358075
616,58,November,598612,-37.81686074,144.95358075
617,58,October,632112,-37.81686074,144.95358075
618,58,September,560959,-37.81686074,144.95358075
619,59,April,595621,-37.80825648,144.96304859
620,59,August,141743,-37.80825648,144.96304859
621,59,December,83730,-37.80825648,144.96304859
622,59,February,305093,-37.80825648,144.96304859
623,59,July,102856,-37.80825648,144.96304859
624,59,June,71117,-37.80825648,144.96304859
625,59,March,608025,-37.80825648,144.96304859
626,59,May,133961,-37.80825648,144.96304859
627,59,November,96644,-37.80825648,144.96304859
628,59,October,134032,-37.80825648,144.96304859
629,59,September,113049,-37.80825648,144.96304859
630,60,April,497645,-37.81668188,144.9668954
631,60,August,961210,-37.81668188,144.9668954
632,60,July,716056,-37.81668188,144.9668954
633,60,June,625123,-37.81668188,144.9668954
634,60,May,350138,-37.81668188,144.9668954
635,60,September,515589,-37.81668188,144.9668954
636,61,August,510872,-37.80767455,144.96309115
637,61,December,266536,-37.80767455,144.96309115
638,61,July,384924,-37.80767455,144.96309115
639,61,November,323670,-37.80767455,144.96309115
640,61,October,459406,-37.80767455,144.96309115
641,61,September,412081,-37.80767455,144.96309115
642,62,December,96873,-37.80996494,144.96216521
643,62,November,107741,-37.80996494,144.96216521
644,62,October,126595,-37.80996494,144.96216521
